-- MySQL dump 10.13  Distrib 8.0.12, for Win64 (x86_64)
--
-- Host: localhost    Database: pipedb
-- ------------------------------------------------------
-- Server version	8.0.12

/*!40101 SET @OLD_CHARACTER_SET_CLIENT=@@CHARACTER_SET_CLIENT */;
/*!40101 SET @OLD_CHARACTER_SET_RESULTS=@@CHARACTER_SET_RESULTS */;
/*!40101 SET @OLD_COLLATION_CONNECTION=@@COLLATION_CONNECTION */;
 SET NAMES utf8 ;
/*!40103 SET @OLD_TIME_ZONE=@@TIME_ZONE */;
/*!40103 SET TIME_ZONE='+00:00' */;
/*!40014 SET @OLD_UNIQUE_CHECKS=@@UNIQUE_CHECKS, UNIQUE_CHECKS=0 */;
/*!40014 SET @OLD_FOREIGN_KEY_CHECKS=@@FOREIGN_KEY_CHECKS, FOREIGN_KEY_CHECKS=0 */;
/*!40101 SET @OLD_SQL_MODE=@@SQL_MODE, SQL_MODE='NO_AUTO_VALUE_ON_ZERO' */;
/*!40111 SET @OLD_SQL_NOTES=@@SQL_NOTES, SQL_NOTES=0 */;

--
-- Table structure for table `auth_group`
--

DROP TABLE IF EXISTS `auth_group`;
/*!40101 SET @saved_cs_client     = @@character_set_client */;
 SET character_set_client = utf8mb4 ;
CREATE TABLE `auth_group` (
  `id` int(11) NOT NULL AUTO_INCREMENT,
  `name` varchar(150) CHARACTER SET utf8 COLLATE utf8_general_ci NOT NULL,
  PRIMARY KEY (`id`) USING BTREE,
  UNIQUE KEY `name` (`name`) USING BTREE
) ENGINE=InnoDB AUTO_INCREMENT=9 DEFAULT CHARSET=utf8 ROW_FORMAT=DYNAMIC;
/*!40101 SET character_set_client = @saved_cs_client */;

--
-- Dumping data for table `auth_group`
--

LOCK TABLES `auth_group` WRITE;
/*!40000 ALTER TABLE `auth_group` DISABLE KEYS */;
INSERT INTO `auth_group` VALUES (7,'医生a'),(8,'管理员');
/*!40000 ALTER TABLE `auth_group` ENABLE KEYS */;
UNLOCK TABLES;

--
-- Table structure for table `auth_group_permissions`
--

DROP TABLE IF EXISTS `auth_group_permissions`;
/*!40101 SET @saved_cs_client     = @@character_set_client */;
 SET character_set_client = utf8mb4 ;
CREATE TABLE `auth_group_permissions` (
  `id` bigint(20) NOT NULL AUTO_INCREMENT,
  `group_id` int(11) NOT NULL,
  `permission_id` int(11) NOT NULL,
  PRIMARY KEY (`id`) USING BTREE,
  UNIQUE KEY `auth_group_permissions_group_id_permission_id_0cd325b0_uniq` (`group_id`,`permission_id`) USING BTREE,
  KEY `auth_group_permissio_permission_id_84c5c92e_fk_auth_perm` (`permission_id`) USING BTREE,
  CONSTRAINT `auth_group_permissio_permission_id_84c5c92e_fk_auth_perm` FOREIGN KEY (`permission_id`) REFERENCES `auth_permission` (`id`),
  CONSTRAINT `auth_group_permissions_group_id_b120cbf9_fk_auth_group_id` FOREIGN KEY (`group_id`) REFERENCES `auth_group` (`id`)
) ENGINE=InnoDB AUTO_INCREMENT=193 DEFAULT CHARSET=utf8 ROW_FORMAT=DYNAMIC;
/*!40101 SET character_set_client = @saved_cs_client */;

--
-- Dumping data for table `auth_group_permissions`
--

LOCK TABLES `auth_group_permissions` WRITE;
/*!40000 ALTER TABLE `auth_group_permissions` DISABLE KEYS */;
INSERT INTO `auth_group_permissions` VALUES (154,4,4),(157,4,5),(158,4,6),(159,4,7),(160,4,8),(161,4,9),(162,4,10),(163,4,11),(164,4,12),(165,4,13),(155,6,1),(166,6,2),(156,6,4),(167,6,5),(168,6,6),(169,6,7),(170,6,8),(171,6,9),(172,6,10),(173,6,11),(174,6,12),(175,6,13),(176,7,4),(177,7,5),(178,7,6),(179,7,7),(180,7,8),(181,8,1),(182,8,2),(183,8,4),(184,8,5),(185,8,6),(186,8,7),(187,8,8),(188,8,9),(189,8,10),(190,8,11),(191,8,12),(192,8,13);
/*!40000 ALTER TABLE `auth_group_permissions` ENABLE KEYS */;
UNLOCK TABLES;

--
-- Table structure for table `auth_permission`
--

DROP TABLE IF EXISTS `auth_permission`;
/*!40101 SET @saved_cs_client     = @@character_set_client */;
 SET character_set_client = utf8mb4 ;
CREATE TABLE `auth_permission` (
  `id` int(11) NOT NULL AUTO_INCREMENT,
  `name` varchar(255) CHARACTER SET utf8 COLLATE utf8_general_ci NOT NULL,
  `content_type_id` int(11) NOT NULL,
  `codename` varchar(100) CHARACTER SET utf8 COLLATE utf8_general_ci NOT NULL,
  PRIMARY KEY (`id`) USING BTREE,
  UNIQUE KEY `auth_permission_content_type_id_codename_01ab375a_uniq` (`content_type_id`,`codename`) USING BTREE,
  CONSTRAINT `auth_permission_content_type_id_2f476e4b_fk_django_co` FOREIGN KEY (`content_type_id`) REFERENCES `django_content_type` (`id`)
) ENGINE=InnoDB AUTO_INCREMENT=93 DEFAULT CHARSET=utf8 ROW_FORMAT=DYNAMIC;
/*!40101 SET character_set_client = @saved_cs_client */;

--
-- Dumping data for table `auth_permission`
--

LOCK TABLES `auth_permission` WRITE;
/*!40000 ALTER TABLE `auth_permission` DISABLE KEYS */;
INSERT INTO `auth_permission` VALUES (1,'1',36,'222'),(2,'2',31,'124'),(4,'4',30,'123'),(5,'5',28,'125'),(6,'6',25,'126'),(7,'7',24,'127'),(8,'8',29,'128'),(9,'9',32,'129'),(10,'10',33,'130'),(11,'11',35,'131'),(12,'12',34,'132'),(13,'13',27,'133');
/*!40000 ALTER TABLE `auth_permission` ENABLE KEYS */;
UNLOCK TABLES;

--
-- Table structure for table `auth_user`
--

DROP TABLE IF EXISTS `auth_user`;
/*!40101 SET @saved_cs_client     = @@character_set_client */;
 SET character_set_client = utf8mb4 ;
CREATE TABLE `auth_user` (
  `id` int(11) NOT NULL AUTO_INCREMENT,
  `password` varchar(128) CHARACTER SET utf8 COLLATE utf8_general_ci NOT NULL,
  `last_login` datetime(6) DEFAULT NULL,
  `is_superuser` tinyint(1) NOT NULL,
  `username` varchar(150) CHARACTER SET utf8 COLLATE utf8_general_ci NOT NULL,
  `first_name` varchar(150) CHARACTER SET utf8 COLLATE utf8_general_ci NOT NULL,
  `last_name` varchar(150) CHARACTER SET utf8 COLLATE utf8_general_ci NOT NULL,
  `email` varchar(254) CHARACTER SET utf8 COLLATE utf8_general_ci NOT NULL,
  `is_staff` tinyint(1) NOT NULL,
  `is_active` tinyint(1) NOT NULL,
  `date_joined` datetime(6) NOT NULL,
  PRIMARY KEY (`id`) USING BTREE,
  UNIQUE KEY `username` (`username`) USING BTREE
) ENGINE=InnoDB AUTO_INCREMENT=13 DEFAULT CHARSET=utf8 ROW_FORMAT=DYNAMIC;
/*!40101 SET character_set_client = @saved_cs_client */;

--
-- Dumping data for table `auth_user`
--

LOCK TABLES `auth_user` WRITE;
/*!40000 ALTER TABLE `auth_user` DISABLE KEYS */;
INSERT INTO `auth_user` VALUES (6,'pbkdf2_sha256$600000$UH73yI1bKHrRPNBpB6FQQq$PnYgWuIS6Tu0QDoJcUuHczWxRqmD1kt8jrp8V3HQW40=','2025-05-28 17:45:16.383339',1,'admin','','','2246822757@qq.com',1,1,'2024-01-30 11:26:18.390709'),(7,'pbkdf2_sha256$260000$hw7artZVF4cXcmgC1UPeg8$UrF8gMS1ahHzAvPQTwDg2B4Ox64jEsAZpERBZ8ONSFA=','2024-09-18 22:38:26.648772',0,'李医生','华','李','24515445645@qq.com',1,1,'2024-04-17 15:14:00.000000');
/*!40000 ALTER TABLE `auth_user` ENABLE KEYS */;
UNLOCK TABLES;

--
-- Table structure for table `auth_user_groups`
--

DROP TABLE IF EXISTS `auth_user_groups`;
/*!40101 SET @saved_cs_client     = @@character_set_client */;
 SET character_set_client = utf8mb4 ;
CREATE TABLE `auth_user_groups` (
  `id` bigint(20) NOT NULL AUTO_INCREMENT,
  `user_id` int(11) NOT NULL,
  `group_id` int(11) NOT NULL,
  PRIMARY KEY (`id`) USING BTREE,
  UNIQUE KEY `auth_user_groups_user_id_group_id_94350c0c_uniq` (`user_id`,`group_id`) USING BTREE,
  KEY `auth_user_groups_group_id_97559544_fk_auth_group_id` (`group_id`) USING BTREE,
  CONSTRAINT `auth_user_groups_group_id_97559544_fk_auth_group_id` FOREIGN KEY (`group_id`) REFERENCES `auth_group` (`id`),
  CONSTRAINT `auth_user_groups_user_id_6a12ed8b_fk_auth_user_id` FOREIGN KEY (`user_id`) REFERENCES `auth_user` (`id`)
) ENGINE=InnoDB AUTO_INCREMENT=11 DEFAULT CHARSET=utf8 ROW_FORMAT=DYNAMIC;
/*!40101 SET character_set_client = @saved_cs_client */;

--
-- Dumping data for table `auth_user_groups`
--

LOCK TABLES `auth_user_groups` WRITE;
/*!40000 ALTER TABLE `auth_user_groups` DISABLE KEYS */;
INSERT INTO `auth_user_groups` VALUES (7,7,4),(10,7,7);
/*!40000 ALTER TABLE `auth_user_groups` ENABLE KEYS */;
UNLOCK TABLES;

--
-- Table structure for table `auth_user_user_permissions`
--

DROP TABLE IF EXISTS `auth_user_user_permissions`;
/*!40101 SET @saved_cs_client     = @@character_set_client */;
 SET character_set_client = utf8mb4 ;
CREATE TABLE `auth_user_user_permissions` (
  `id` bigint(20) NOT NULL AUTO_INCREMENT,
  `user_id` int(11) NOT NULL,
  `permission_id` int(11) NOT NULL,
  PRIMARY KEY (`id`) USING BTREE,
  UNIQUE KEY `auth_user_user_permissions_user_id_permission_id_14a6b632_uniq` (`user_id`,`permission_id`) USING BTREE,
  KEY `auth_user_user_permi_permission_id_1fbb5f2c_fk_auth_perm` (`permission_id`) USING BTREE,
  CONSTRAINT `auth_user_user_permi_permission_id_1fbb5f2c_fk_auth_perm` FOREIGN KEY (`permission_id`) REFERENCES `auth_permission` (`id`),
  CONSTRAINT `auth_user_user_permissions_user_id_a95ead1b_fk_auth_user_id` FOREIGN KEY (`user_id`) REFERENCES `auth_user` (`id`)
) ENGINE=InnoDB AUTO_INCREMENT=60 DEFAULT CHARSET=utf8 ROW_FORMAT=DYNAMIC;
/*!40101 SET character_set_client = @saved_cs_client */;

--
-- Dumping data for table `auth_user_user_permissions`
--

LOCK TABLES `auth_user_user_permissions` WRITE;
/*!40000 ALTER TABLE `auth_user_user_permissions` DISABLE KEYS */;
INSERT INTO `auth_user_user_permissions` VALUES (36,7,4),(51,7,5),(52,7,6),(53,7,7),(54,7,8),(55,7,9),(56,7,10),(57,7,11),(58,7,12),(59,7,13);
/*!40000 ALTER TABLE `auth_user_user_permissions` ENABLE KEYS */;
UNLOCK TABLES;

--
-- Table structure for table `defect_repair_defectinfo`
--

DROP TABLE IF EXISTS `defect_repair_defectinfo`;
/*!40101 SET @saved_cs_client     = @@character_set_client */;
 SET character_set_client = utf8mb4 ;
CREATE TABLE `defect_repair_defectinfo` (
  `id` bigint(20) unsigned NOT NULL AUTO_INCREMENT,
  `work_point_name` varchar(100) NOT NULL DEFAULT '',
  `defect_name` varchar(20) NOT NULL,
  `defect_level` varchar(5) NOT NULL,
  `start_well_number` varchar(50) NOT NULL,
  `end_well_number` varchar(50) NOT NULL,
  `defect_start_position_m` float NOT NULL,
  `defect_end_position_m` float NOT NULL,
  `defect_start_position_clock` int(11) DEFAULT NULL,
  `defect_end_position_clock` int(11) DEFAULT NULL,
  `pipe_type` varchar(10) NOT NULL,
  `pipe_material` varchar(10) NOT NULL,
  `start_depth` float NOT NULL,
  `end_depth` float NOT NULL,
  `pipe_diameter` float NOT NULL,
  `area_type` varchar(50) NOT NULL,
  `structural_defect_parameter` float NOT NULL,
  `defect_density` float NOT NULL,
  `soil_type` varchar(20) NOT NULL,
  `wet_loess_level` varchar(5) DEFAULT NULL,
  `expansive_soil_level` varchar(5) DEFAULT NULL,
  `silt_type` varchar(10) DEFAULT NULL,
  `pipe_length` decimal(5,2) DEFAULT NULL,
  `defect_length_over_1_5m` decimal(5,2) DEFAULT '0.00' COMMENT '纵向净距大于1.5m的缺陷长度（米）',
  `defect_length_1_to_1_5m` decimal(5,2) DEFAULT '0.00' COMMENT '纵向净距在1 - 1.5m的缺陷长度（米）',
  `defect_score` decimal(5,2) DEFAULT '0.00' COMMENT '缺陷分值',
  PRIMARY KEY (`id`),
  UNIQUE KEY `id` (`id`)
) ENGINE=MyISAM AUTO_INCREMENT=8 DEFAULT CHARSET=utf8mb4 COLLATE=utf8mb4_0900_ai_ci;
/*!40101 SET character_set_client = @saved_cs_client */;

--
-- Dumping data for table `defect_repair_defectinfo`
--

LOCK TABLES `defect_repair_defectinfo` WRITE;
/*!40000 ALTER TABLE `defect_repair_defectinfo` DISABLE KEYS */;
INSERT INTO `defect_repair_defectinfo` VALUES (4,'test112','破裂','2级','01','02',50,60,2,5,'污水管','混凝土管',4.11,4.65,1145.14,'交通干道、附近具有乙类民用建筑工程的区域',5.14,0.1234,'一般土层',NULL,NULL,NULL,114.51,0.00,0.00,0.00),(2,'工点B','渗漏','2级','W003','W004',15.5,17.5,9,12,'污水管','塑料管',1.8,2,0.6,'交通干道、附近具有乙类民用建筑工程的区域',0.3,0.15,'粉砂层',NULL,NULL,NULL,NULL,0.00,0.00,0.00),(3,'test11','起伏','1级','01','02',50,60,2,5,'雨水管','塑料管',4.11,4.65,1145.14,'其他行车道路、附近具有丙类民用建筑工程的区域',5.14,0.1234,'淤泥类土','Ⅰ','强','淤泥',114.51,0.00,0.00,0.00),(5,'test1','接口材料脱落','2级','1','2',12,23,2,3,'雨水管','塑料管',1.1,1.1,10.98,'中心商业、附近具有甲类民用建筑工程的区域',0,0,'粉砂层',NULL,NULL,NULL,200.00,0.00,0.00,0.00),(6,'test122','变形','2级','1','2',12,23,2,3,'雨水管','塑料管',1.1,1.1,399.99,'中心商业、附近具有甲类民用建筑工程的区域',0,0,'一般土层',NULL,NULL,NULL,200.00,0.00,0.00,0.00),(7,'test3','脱节','3级','12','13',11,21.99,3,4,'污水管','混凝土管',2.3,3.39,450,'交通干道、附近具有乙类民用建筑工程的区域',0,0.107386,'粉砂层',NULL,NULL,NULL,121.99,1.30,1.20,9.00);
/*!40000 ALTER TABLE `defect_repair_defectinfo` ENABLE KEYS */;
UNLOCK TABLES;

--
-- Table structure for table `defect_repair_repairsuggestion`
--

DROP TABLE IF EXISTS `defect_repair_repairsuggestion`;
/*!40101 SET @saved_cs_client     = @@character_set_client */;
 SET character_set_client = utf8mb4 ;
CREATE TABLE `defect_repair_repairsuggestion` (
  `id` bigint(20) unsigned NOT NULL AUTO_INCREMENT,
  `defect_info_id` int(11) NOT NULL,
  `repair_suggestion` text NOT NULL,
  `repair_measures` text NOT NULL,
  PRIMARY KEY (`id`),
  UNIQUE KEY `id` (`id`),
  UNIQUE KEY `defect_info_id` (`defect_info_id`)
) ENGINE=MyISAM AUTO_INCREMENT=6 DEFAULT CHARSET=utf8mb4 COLLATE=utf8mb4_0900_ai_ci;
/*!40101 SET character_set_client = @saved_cs_client */;

--
-- Dumping data for table `defect_repair_repairsuggestion`
--

LOCK TABLES `defect_repair_repairsuggestion` WRITE;
/*!40000 ALTER TABLE `defect_repair_repairsuggestion` DISABLE KEYS */;
INSERT INTO `defect_repair_repairsuggestion` VALUES (4,6,'不修复',''),(5,7,'不修复','');
/*!40000 ALTER TABLE `defect_repair_repairsuggestion` ENABLE KEYS */;
UNLOCK TABLES;

--
-- Table structure for table `django_admin_log`
--

DROP TABLE IF EXISTS `django_admin_log`;
/*!40101 SET @saved_cs_client     = @@character_set_client */;
 SET character_set_client = utf8mb4 ;
CREATE TABLE `django_admin_log` (
  `id` int(11) NOT NULL AUTO_INCREMENT,
  `action_time` datetime(6) NOT NULL,
  `object_id` longtext CHARACTER SET utf8 COLLATE utf8_general_ci,
  `object_repr` varchar(200) CHARACTER SET utf8 COLLATE utf8_general_ci NOT NULL,
  `action_flag` smallint(5) unsigned NOT NULL,
  `change_message` longtext CHARACTER SET utf8 COLLATE utf8_general_ci NOT NULL,
  `content_type_id` int(11) DEFAULT NULL,
  `user_id` int(11) NOT NULL,
  PRIMARY KEY (`id`) USING BTREE,
  KEY `django_admin_log_content_type_id_c4bce8eb_fk_django_co` (`content_type_id`) USING BTREE,
  KEY `django_admin_log_user_id_c564eba6_fk_auth_user_id` (`user_id`) USING BTREE,
  CONSTRAINT `django_admin_log_content_type_id_c4bce8eb_fk_django_co` FOREIGN KEY (`content_type_id`) REFERENCES `django_content_type` (`id`),
  CONSTRAINT `django_admin_log_user_id_c564eba6_fk_auth_user_id` FOREIGN KEY (`user_id`) REFERENCES `auth_user` (`id`)
) ENGINE=InnoDB AUTO_INCREMENT=1144 DEFAULT CHARSET=utf8 ROW_FORMAT=DYNAMIC;
/*!40101 SET character_set_client = @saved_cs_client */;

--
-- Dumping data for table `django_admin_log`
--

LOCK TABLES `django_admin_log` WRITE;
/*!40000 ALTER TABLE `django_admin_log` DISABLE KEYS */;
INSERT INTO `django_admin_log` VALUES (344,'2024-03-24 20:35:55.142717','1','333',1,'[{\"added\": {}}]',29,6),(454,'2024-04-17 17:12:47.136748','8','fanghua',1,'[{\"added\": {}}]',36,6),(455,'2024-04-17 17:20:06.690178','8','fanghua',2,'[{\"changed\": {\"fields\": [\"First name\", \"Last name\", \"Email address\", \"Superuser status\", \"Groups\", \"Last login\"]}}]',36,6),(473,'2024-04-25 10:10:44.873841','8','fanghua',2,'[{\"changed\": {\"fields\": [\"Staff status\", \"Superuser status\"]}}]',36,6),(474,'2024-04-25 10:12:00.823966','8','fanghua',3,'',36,6),(594,'2024-06-30 14:08:07.494117','10','王秀芝',1,'[{\"added\": {}}]',24,6),(595,'2024-06-30 14:08:29.304673','10','王秀芝',3,'',24,6),(596,'2024-07-04 10:03:33.419201','11','王秀芝',1,'[{\"added\": {}}]',24,6),(597,'2024-07-04 10:04:29.835367','11','王秀芝',3,'',24,6),(598,'2024-07-04 10:05:39.803220','12','王秀芝',1,'[{\"added\": {}}]',24,6),(599,'2024-07-04 14:22:13.608002','6','王秀芝',1,'[{\"added\": {}}]',27,6),(600,'2024-07-04 14:22:53.488422','26','王秀芝',1,'[{\"added\": {}}]',26,6),(601,'2024-07-04 14:23:38.038700','18','王秀芝',1,'[{\"added\": {}}]',25,6),(602,'2024-07-04 14:24:29.026451','10','王秀芝',1,'[{\"added\": {}}]',28,6),(603,'2024-07-04 14:37:16.711417','6','王秀芝',3,'',27,6),(604,'2024-07-04 14:38:33.345036','7','王秀芝',1,'[{\"added\": {}}]',27,6),(605,'2024-07-04 14:39:19.335034','8','李田',1,'[{\"added\": {}}]',27,6),(606,'2024-07-04 14:39:38.553824','8','李田',3,'',27,6),(607,'2024-07-04 14:42:40.747474','18','王秀芝',3,'',25,6),(608,'2024-07-04 14:42:49.537597','7','王秀芝',3,'',27,6),(609,'2024-07-04 14:44:22.154047','9','刘海乔',1,'[{\"added\": {}}]',27,6),(610,'2024-07-04 14:44:52.046032','9','刘海乔',3,'',27,6),(611,'2024-07-04 14:50:25.493702','10','张伟',1,'[{\"added\": {}}]',27,6),(612,'2024-07-04 14:50:58.401455','11','王强',1,'[{\"added\": {}}]',27,6),(613,'2024-07-04 14:51:32.061500','12','赵敏',1,'[{\"added\": {}}]',27,6),(614,'2024-07-04 14:52:03.866413','13','李华',1,'[{\"added\": {}}]',27,6),(615,'2024-07-04 14:53:03.254536','14','刘洋',1,'[{\"added\": {}}]',27,6),(616,'2024-07-04 14:53:52.431705','15','陈静',1,'[{\"added\": {}}]',27,6),(617,'2024-07-04 14:55:52.163308','16','王秀芝',1,'[{\"added\": {}}]',27,6),(618,'2024-07-04 15:00:25.091170','19','王秀芝',1,'[{\"added\": {}}]',25,6),(619,'2024-07-04 15:01:41.475408','10','王秀芝',3,'',28,6),(620,'2024-07-04 15:02:30.528832','11','王秀芝',1,'[{\"added\": {}}]',28,6),(621,'2024-07-04 17:37:28.491306','7','医生a',1,'[{\"added\": {}}]',31,6),(622,'2024-07-05 09:30:17.943940','11','医生a',2,'[{\"changed\": {\"fields\": [\"Superuser status\"]}}]',36,6),(623,'2024-07-05 09:30:45.199205','7','医生a',2,'[]',31,6),(624,'2024-07-05 09:30:48.924808','7','医生a',2,'[]',31,6),(625,'2024-07-25 20:00:54.086647','12','王秀芝',3,'',24,6),(626,'2024-07-25 20:03:13.022722','13','王秀芝',1,'[{\"added\": {}}]',24,6),(627,'2024-07-25 20:04:59.155536','16','王秀芝',3,'',27,6),(628,'2024-07-25 20:08:56.529871','17','王秀芝',1,'[{\"added\": {}}]',27,6),(629,'2024-07-25 20:09:07.784944','17','王秀芝',3,'',27,6),(630,'2024-07-25 20:09:16.528586','18','王秀芝',1,'[{\"added\": {}}]',27,6),(631,'2024-07-25 20:09:26.604935','18','王秀芝',3,'',27,6),(632,'2024-07-25 20:09:38.121656','19','王秀芝',1,'[{\"added\": {}}]',27,6),(633,'2024-07-25 20:13:35.216552','20','刘海乔',1,'[{\"added\": {}}]',25,6),(634,'2024-07-25 20:14:13.639347','11','王秀芝',3,'',28,6),(635,'2024-07-25 20:15:39.360306','12','王秀芝',1,'[{\"added\": {}}]',28,6),(636,'2024-07-25 20:16:57.985566','26','王秀芝',2,'[{\"changed\": {\"fields\": [\"\\u5907\\u6ce8\"]}}]',26,6),(637,'2024-07-25 20:17:03.894581','12','王秀芝',2,'[]',28,6),(638,'2024-07-29 09:13:45.285067','14','刘海乔',1,'[{\"added\": {}}]',24,6),(639,'2024-07-29 09:14:14.314711','14','刘海乔',3,'',24,6),(640,'2024-07-29 09:14:20.257216','13','王秀芝',3,'',24,6),(641,'2024-07-29 09:17:56.032187','19','王秀芝',3,'',27,6),(642,'2024-07-29 09:18:04.193287','12','赵敏',3,'',27,6),(643,'2024-07-29 09:23:50.167712','26','王秀芝',3,'',26,6),(644,'2024-07-29 09:26:18.981850','27','刘海乔',1,'[{\"added\": {}}]',26,6),(645,'2024-07-29 09:26:39.286435','27','刘海乔',3,'',26,6),(646,'2024-07-29 09:28:01.327217','20','刘海乔',3,'',25,6),(647,'2024-07-29 09:28:08.495762','19','王秀芝',3,'',25,6),(648,'2024-07-29 09:29:15.104145','21','刘海乔',1,'[{\"added\": {}}]',25,6),(649,'2024-07-29 09:29:36.715665','12','王秀芝',3,'',28,6),(650,'2024-07-29 09:34:46.472528','8','管理员',1,'[{\"added\": {}}]',31,6),(651,'2024-07-29 10:00:24.993880','15','刘海乔',1,'[{\"added\": {}}]',24,6),(652,'2024-07-29 10:00:36.030496','16','王秀芝',1,'[{\"added\": {}}]',24,6),(653,'2024-07-29 10:01:05.184566','20','刘海乔',1,'[{\"added\": {}}]',27,6),(654,'2024-07-29 10:01:25.280976','28','王秀芝',1,'[{\"added\": {}}]',26,6),(655,'2024-07-29 10:02:07.322388','28','王秀芝',2,'[{\"changed\": {\"fields\": [\"\\u5907\\u6ce8\"]}}]',26,6),(656,'2024-07-29 10:02:12.282889','28','王秀芝',3,'',26,6),(657,'2024-07-29 10:02:52.487130','22','王秀芝',1,'[{\"added\": {}}]',25,6),(658,'2024-07-29 10:03:12.900013','22','王秀芝',3,'',25,6),(659,'2024-07-29 10:03:29.387515','13','王秀芝',1,'[{\"added\": {}}]',28,6),(660,'2024-07-29 10:12:20.104516','23','孙丽丽',1,'[{\"added\": {}}]',25,6),(661,'2024-07-29 10:12:48.711682','24','李伟',1,'[{\"added\": {}}]',25,6),(662,'2024-07-29 10:13:25.779854','25','王小华',1,'[{\"added\": {}}]',25,6),(663,'2024-07-29 10:13:58.149846','26','赵铭',1,'[{\"added\": {}}]',25,6),(664,'2024-07-29 10:14:23.005125','27','孙凯',1,'[{\"added\": {}}]',25,6),(665,'2024-07-29 10:15:03.068949','28','周芳',1,'[{\"added\": {}}]',25,6),(666,'2024-07-29 10:17:03.271544','7','李医生',2,'[{\"changed\": {\"fields\": [\"Groups\", \"User permissions\", \"Last login\"]}}]',36,6),(667,'2024-07-29 10:18:53.447336','29','王秀芝',1,'[{\"added\": {}}]',25,6),(668,'2024-07-29 10:19:02.192519','29','王秀芝',3,'',25,6),(669,'2024-07-29 11:08:45.579074','21','王秀芝',1,'[{\"added\": {}}]',27,6),(670,'2024-07-29 11:08:52.085919','21','王秀芝',3,'',27,6),(671,'2024-07-29 11:10:39.764918','17','王秀芝',1,'[{\"added\": {}}]',24,6),(672,'2024-07-29 11:11:14.206935','22','王秀芝',1,'[{\"added\": {}}]',27,6),(673,'2024-07-29 11:12:08.244192','22','王秀芝',3,'',27,6),(674,'2024-07-29 11:12:08.255807','20','刘海乔',3,'',27,6),(675,'2024-07-29 11:12:35.839952','17','王秀芝',3,'',24,6),(676,'2024-07-29 11:12:40.966176','16','王秀芝',3,'',24,6),(677,'2024-07-29 11:12:56.722218','13','王秀芝',3,'',28,6),(678,'2024-07-29 11:13:04.132054','14','刘海乔',1,'[{\"added\": {}}]',28,6),(679,'2024-07-29 11:14:25.874946','18','王秀芝',1,'[{\"added\": {}}]',24,6),(680,'2024-07-29 11:15:39.615995','18','王秀芝',3,'',24,6),(681,'2024-07-29 11:16:42.129602','19','王秀芝',1,'[{\"added\": {}}]',24,6),(682,'2024-07-29 11:17:17.126380','23','王秀芝',1,'[{\"added\": {}}]',27,6),(683,'2024-07-29 11:18:12.125987','29','王秀芝',1,'[{\"added\": {}}]',26,6),(684,'2024-07-29 11:18:52.044982','29','王秀芝',2,'[{\"changed\": {\"fields\": [\"\\u5907\\u6ce8\"]}}]',26,6),(685,'2024-07-29 11:19:52.070453','30','王秀芝',1,'[{\"added\": {}}]',25,6),(686,'2024-07-29 11:20:44.965522','15','王秀芝',1,'[{\"added\": {}}]',28,6),(687,'2024-07-29 11:22:55.690847','19','王秀芝',3,'',24,6),(688,'2024-07-29 11:23:05.687114','23','王秀芝',3,'',27,6),(689,'2024-07-29 11:23:11.876929','29','王秀芝',3,'',26,6),(690,'2024-07-29 11:23:17.866495','30','王秀芝',3,'',25,6),(691,'2024-07-29 11:23:30.770756','15','王秀芝',3,'',28,6),(692,'2024-07-29 11:24:39.721015','20','王秀芝',1,'[{\"added\": {}}]',24,6),(693,'2024-07-29 11:25:10.556415','24','王秀芝',1,'[{\"added\": {}}]',27,6),(694,'2024-07-29 11:27:01.942465','30','王秀芝',1,'[{\"added\": {}}]',26,6),(695,'2024-07-29 11:27:39.271809','30','王秀芝',2,'[{\"changed\": {\"fields\": [\"\\u5907\\u6ce8\"]}}]',26,6),(696,'2024-07-29 11:28:22.568205','31','王秀芝',1,'[{\"added\": {}}]',25,6),(697,'2024-07-29 11:29:11.093033','16','王秀芝',1,'[{\"added\": {}}]',28,6),(698,'2024-09-04 14:40:42.921495','20','王秀芝',3,'',24,6),(699,'2024-09-04 14:40:50.708103','15','刘海乔',3,'',24,6),(700,'2024-09-04 14:42:53.762034','31','11',1,'[{\"added\": {}}]',26,6),(701,'2024-09-04 14:43:27.233672','31','11',3,'',26,6),(702,'2024-09-04 14:43:39.849496','30','王秀芝',3,'',26,6),(703,'2024-09-04 15:01:27.950676','21','科达制造股份',1,'[{\"added\": {}}]',24,6),(704,'2024-09-04 15:01:45.484672','22','科达制造股份',1,'[{\"added\": {}}]',24,6),(705,'2024-09-04 15:03:56.655358','24','王秀芝',3,'',27,6),(706,'2024-09-04 15:03:56.657364','15','陈静',3,'',27,6),(707,'2024-09-04 15:03:56.658352','14','刘洋',3,'',27,6),(708,'2024-09-04 15:03:56.660346','13','李华',3,'',27,6),(709,'2024-09-04 15:03:56.663356','11','王强',3,'',27,6),(710,'2024-09-04 15:04:01.560575','10','张伟',3,'',27,6),(711,'2024-09-04 15:04:12.628173','32','科达制造股份',1,'[{\"added\": {}}]',26,6),(712,'2024-09-04 15:04:23.655007','33','科达制造股份',1,'[{\"added\": {}}]',26,6),(713,'2024-09-04 15:24:17.505116','25','科达制造股份',1,'[{\"added\": {}}]',27,6),(714,'2024-09-04 15:24:33.056400','26','科达制造股份',1,'[{\"added\": {}}]',27,6),(715,'2024-09-04 15:24:40.289726','25','科达制造股份',3,'',27,6),(716,'2024-09-04 19:23:55.258634','21','科达制造股份',3,'',24,6),(717,'2024-09-09 17:04:39.495349','2','1 - YS',1,'[{\"added\": {}}]',25,6),(718,'2024-09-09 17:15:17.971118','26','科达制造股份',2,'[{\"changed\": {\"fields\": [\"\\u4fee\\u590d\\u65b9\\u6848\"]}}]',27,6),(719,'2024-09-09 17:15:32.049468','26','科达制造股份',2,'[{\"changed\": {\"fields\": [\"\\u4fee\\u590d\\u7c7b\\u578b\"]}}]',27,6),(720,'2024-09-09 19:17:27.304703','34','异物穿入',1,'[{\"added\": {}}]',26,6),(721,'2024-09-09 19:17:53.568956','32','科达制造股份',3,'',26,6),(722,'2024-09-09 19:17:58.562935','34','异物穿入',3,'',26,6),(723,'2024-09-09 19:18:04.734621','33','科达制造股份',3,'',26,6),(724,'2024-09-09 19:18:15.283974','35','异物穿入',1,'[{\"added\": {}}]',26,6),(725,'2024-09-09 19:19:13.441551','35','异物穿入',3,'',26,6),(726,'2024-09-09 19:19:28.650917','36','异物穿入',1,'[{\"added\": {}}]',26,6),(727,'2024-09-09 19:21:30.057313','3','2 - YS',1,'[{\"added\": {}}]',25,6),(728,'2024-09-09 19:21:44.294141','3','2 - YS',2,'[{\"changed\": {\"fields\": [\"\\u7f3a\\u9677\\u5bc6\\u5ea6\"]}}]',25,6),(729,'2024-09-09 19:46:48.855069','22','科达制造股份',3,'',24,6),(730,'2024-09-09 19:55:37.659562','2','1 - YS',2,'[{\"changed\": {\"fields\": [\"\\u7ba1\\u6bb5\\u76f4\\u5f84\"]}}]',25,6),(731,'2024-09-09 20:19:08.854007','23','异物穿入',1,'[{\"added\": {}}]',24,6),(732,'2024-09-09 23:19:03.151652','4','3 - YS',1,'[{\"added\": {}}]',25,6),(733,'2024-09-09 23:20:33.105713','5','4 - YS',1,'[{\"added\": {}}]',25,6),(734,'2024-09-09 23:23:15.508709','5','4 - YS',3,'',25,6),(735,'2024-09-09 23:23:15.510701','4','3 - YS',3,'',25,6),(736,'2024-09-09 23:23:15.513708','3','2 - YS',3,'',25,6),(737,'2024-09-09 23:23:15.515709','2','1 - YS',3,'',25,6),(738,'2024-09-09 23:23:57.854756','37','科达制造股份',1,'[{\"added\": {}}]',26,6),(739,'2024-09-09 23:26:24.628367','37','破裂',2,'[{\"changed\": {\"fields\": [\"\\u5de5\\u70b9\\u540d\\u79f0\"]}}]',26,6),(740,'2024-09-09 23:26:39.486593','37','破裂',2,'[]',26,6),(741,'2024-09-09 23:26:46.857779','37','破裂',3,'',26,6),(742,'2024-09-09 23:26:56.086454','38','破裂',1,'[{\"added\": {}}]',26,6),(743,'2024-09-09 23:34:46.797895','6','1 - YS',1,'[{\"added\": {}}]',25,6),(744,'2024-09-09 23:34:54.718336','6','1 - YS',2,'[]',25,6),(745,'2024-09-09 23:36:39.730043','7','2 - YS',1,'[{\"added\": {}}]',25,6),(746,'2024-09-09 23:39:02.622796','8','3 - YS',1,'[{\"added\": {}}]',25,6),(747,'2024-09-09 23:42:45.382721','9','4 - YS',1,'[{\"added\": {}}]',25,6),(748,'2024-09-09 23:44:28.490620','10','5 - YS',1,'[{\"added\": {}}]',25,6),(749,'2024-09-09 23:46:10.688062','11','6 - YS',1,'[{\"added\": {}}]',25,6),(750,'2024-09-09 23:47:18.634837','12','7 - YS',1,'[{\"added\": {}}]',25,6),(751,'2024-09-09 23:50:06.921200','27','鸿金源精密制造',1,'[{\"added\": {}}]',27,6),(752,'2024-09-09 23:50:56.170657','27','鸿金源精密制造',2,'[{\"changed\": {\"fields\": [\"\\u4fee\\u590d\\u5efa\\u8bae\", \"\\u4fee\\u590d\\u65b9\\u6848\"]}}]',27,6),(753,'2024-09-09 23:52:27.642558','28','松川机械设备对面',1,'[{\"added\": {}}]',27,6),(754,'2024-09-10 00:19:52.359422','29','新兴业玻璃',1,'[{\"added\": {}}]',27,6),(755,'2024-09-10 00:20:25.429538','30','陈村镇水厂',1,'[{\"added\": {}}]',27,6),(756,'2024-09-10 00:20:56.861282','30','陈村镇水厂',3,'',27,6),(757,'2024-09-10 00:21:09.414476','31','陈村镇水厂',1,'[{\"added\": {}}]',27,6),(758,'2024-09-12 15:49:18.257085','38','破裂',3,'',26,6),(759,'2024-09-12 15:51:30.141767','39','科达制造股份',1,'[{\"added\": {}}]',26,6),(760,'2024-09-12 15:52:07.326869','39','科达制造股份',3,'',26,6),(761,'2024-09-12 15:52:18.122140','40','破裂',1,'[{\"added\": {}}]',26,6),(762,'2024-09-12 15:56:02.511331','31','陈村镇水厂',2,'[{\"changed\": {\"fields\": [\"\\u4fee\\u590d\\u5efa\\u8bae\", \"\\u517b\\u62a4\\u5efa\\u8bae\"]}}]',27,6),(763,'2024-09-12 15:57:42.224950','32','勤政东路',1,'[{\"added\": {}}]',27,6),(764,'2024-09-12 23:59:11.259258','12','7 - YS',3,'',25,6),(765,'2024-09-13 00:01:03.031471','32','勤政东路',3,'',27,6),(766,'2024-09-13 00:06:32.350110','41','张婷雨',1,'[{\"added\": {}}]',26,6),(767,'2024-09-13 00:06:39.560443','41','张婷雨',3,'',26,6),(768,'2024-09-14 16:45:46.430481','13','7 - YS',1,'[{\"added\": {}}]',25,6),(769,'2024-09-14 16:51:49.962217','13','7 - YS',3,'',25,6),(770,'2024-09-16 12:48:06.376111','42','111',1,'[{\"added\": {}}]',26,6),(771,'2024-09-16 12:54:42.473234','31','陈村镇水厂',2,'[{\"changed\": {\"fields\": [\"\\u4fee\\u590d\\u5efa\\u8bae\"]}}]',27,6),(772,'2024-09-16 12:55:02.164012','42','111',3,'',26,6),(773,'2024-09-16 12:55:06.392881','40','破裂',3,'',26,6),(774,'2024-09-16 12:55:10.798768','36','异物穿入',3,'',26,6),(775,'2024-09-16 13:35:57.207401','14','7 - YS',1,'[{\"added\": {}}]',25,6),(776,'2024-09-16 13:39:31.390814','43','11',1,'[{\"added\": {}}]',26,6),(777,'2024-09-16 13:44:17.322860','43','11',3,'',26,6),(778,'2024-09-16 13:44:28.957254','44','0',1,'[{\"added\": {}}]',26,6),(779,'2024-09-16 13:45:58.618041','45','1',1,'[{\"added\": {}}]',26,6),(780,'2024-09-16 13:56:58.577533','14','7 - YS',2,'[{\"changed\": {\"fields\": [\"\\u7f3a\\u9677\\u56fe\\u7247\"]}}]',25,6),(781,'2024-09-16 14:10:13.201529','45','1',3,'',26,6),(782,'2024-09-16 14:10:18.261827','44','0',3,'',26,6),(783,'2024-09-16 14:10:39.640921','46','0',1,'[{\"added\": {}}]',26,6),(784,'2024-09-16 14:11:23.209511','31','陈村镇水厂',2,'[]',27,6),(785,'2024-09-16 14:11:31.017225','31','陈村镇水厂',2,'[]',27,6),(786,'2024-09-16 14:11:41.585055','31','陈村镇水厂',3,'',27,6),(787,'2024-09-16 15:02:22.175419','33','工业四路',1,'[{\"added\": {}}]',27,6),(788,'2024-09-16 15:04:24.292940','34','赤花隧道东路',1,'[{\"added\": {}}]',27,6),(789,'2024-09-16 15:05:10.057458','35','鸿金源精密制造',1,'[{\"added\": {}}]',27,6),(790,'2024-09-16 15:07:05.425934','36','松川机械设备对面',1,'[{\"added\": {}}]',27,6),(791,'2024-09-16 15:11:32.168268','33','工业四路',2,'[{\"changed\": {\"fields\": [\"\\u4fee\\u590d\\u7c7b\\u578b\"]}}]',27,6),(792,'2024-09-16 15:11:38.953565','29','新兴业玻璃',2,'[{\"changed\": {\"fields\": [\"\\u4fee\\u590d\\u7c7b\\u578b\"]}}]',27,6),(793,'2024-09-18 17:50:47.731013','23','异物穿入',3,'',24,6),(794,'2024-09-18 21:26:53.024991','37','王秀芝',1,'[{\"added\": {}}]',27,6),(795,'2024-09-18 22:14:37.112475','46','0',3,'',26,6),(796,'2024-09-18 22:15:41.536298','31','王秀芝',3,'',25,6),(797,'2024-09-18 22:18:41.850729','32','王秀芝',1,'[{\"added\": {}}]',25,6),(798,'2024-09-18 22:18:51.494741','32','王秀芝',3,'',25,6),(799,'2024-09-18 22:19:31.355274','14','刘海乔',2,'[{\"changed\": {\"fields\": [\"\\u4e34\\u65f6\\u533b\\u5631\", \"\\u957f\\u671f\\u533b\\u5631\"]}}]',28,6),(800,'2024-09-18 22:19:38.752001','16','王秀芝',3,'',28,6),(801,'2024-09-18 22:19:57.326445','47','王秀芝',1,'[{\"added\": {}}]',26,6),(802,'2024-09-18 22:27:35.962464','38','李华',1,'[{\"added\": {}}]',27,6),(803,'2024-09-18 22:27:43.351993','37','王秀芝',3,'',27,6),(804,'2024-09-18 22:28:41.933052','39','张美丽',1,'[{\"added\": {}}]',27,6),(805,'2024-09-18 22:29:04.534112','40','王浩宇',1,'[{\"added\": {}}]',27,6),(806,'2024-09-18 22:29:49.490400','41','赵敏',1,'[{\"added\": {}}]',27,6),(807,'2024-09-18 22:30:13.862174','42','刘洋',1,'[{\"added\": {}}]',27,6),(808,'2024-09-18 22:30:43.558932','43','陈慧',1,'[{\"added\": {}}]',27,6),(809,'2024-09-18 22:30:48.364597','43','陈慧',2,'[]',27,6),(810,'2024-09-18 22:31:21.607035','44','周伟',1,'[{\"added\": {}}]',27,6),(811,'2024-09-18 22:31:48.625244','45','吴丽',1,'[{\"added\": {}}]',27,6),(812,'2024-09-18 22:32:17.257566','46','郑涛',1,'[{\"added\": {}}]',27,6),(813,'2024-09-18 22:32:45.094445','47','孙悦',1,'[{\"added\": {}}]',27,6),(814,'2024-09-18 22:34:35.208660','47','王秀芝',2,'[{\"changed\": {\"fields\": [\"\\u5907\\u6ce8\"]}}]',26,6),(815,'2024-09-18 22:34:40.024511','47','王秀芝',3,'',26,6),(816,'2024-09-18 22:36:19.036592','24','王秀芝',1,'[{\"added\": {}}]',24,6),(817,'2024-09-18 22:37:01.940594','25','刘海乔',1,'[{\"added\": {}}]',24,6),(818,'2024-09-18 22:37:13.246307','24','王秀芝',3,'',24,6),(819,'2024-09-18 23:22:21.740930','33','王秀芝',1,'[{\"added\": {}}]',25,6),(820,'2024-09-18 23:22:38.899916','33','王秀芝',2,'[{\"changed\": {\"fields\": [\"\\u8840\\u6c27\\u9971\\u548c\\u5ea6(%)\"]}}]',25,6),(821,'2024-09-18 23:23:19.254000','17','王秀芝',1,'[{\"added\": {}}]',28,6),(822,'2024-09-18 23:25:22.329370','17','王秀芝',3,'',28,6),(823,'2024-09-18 23:25:33.954234','33','王秀芝',3,'',25,6),(824,'2024-09-18 23:26:52.968484','34','王秀芝',1,'[{\"added\": {}}]',25,6),(825,'2024-09-18 23:27:04.722242','34','王秀芝',2,'[{\"changed\": {\"fields\": [\"\\u8840\\u6c27\\u9971\\u548c\\u5ea6(%)\"]}}]',25,6),(826,'2024-09-18 23:27:34.970111','18','王秀芝',1,'[{\"added\": {}}]',28,6),(827,'2024-09-18 23:28:07.186904','48','王秀芝',1,'[{\"added\": {}}]',26,6),(828,'2024-09-18 23:28:43.384005','18','王秀芝',3,'',28,6),(829,'2024-09-18 23:32:39.588133','34','王秀芝',3,'',25,6),(830,'2024-09-18 23:36:00.966943','35','王秀芝',1,'[{\"added\": {}}]',25,6),(831,'2024-09-18 23:36:11.944578','35','王秀芝',2,'[{\"changed\": {\"fields\": [\"\\u8840\\u6c27\\u9971\\u548c\\u5ea6(%)\"]}}]',25,6),(832,'2024-09-18 23:36:48.926590','19','王秀芝',1,'[{\"added\": {}}]',28,6),(833,'2024-09-18 23:38:37.420673','48','王秀芝',3,'',26,6),(834,'2024-09-18 23:39:29.361082','49','王秀芝',1,'[{\"added\": {}}]',26,6),(835,'2024-09-18 23:40:16.824722','49','王秀芝',2,'[{\"changed\": {\"fields\": [\"\\u5907\\u6ce8\"]}}]',26,6),(836,'2024-09-18 23:43:33.917648','49','王秀芝',3,'',26,6),(837,'2024-09-18 23:44:17.057452','50','王秀芝',1,'[{\"added\": {}}]',26,6),(838,'2024-09-18 23:45:02.727940','50','王秀芝',2,'[{\"changed\": {\"fields\": [\"\\u5907\\u6ce8\"]}}]',26,6),(839,'2024-09-18 23:45:55.224382','25','刘海乔',3,'',24,6),(840,'2024-09-18 23:46:14.910183','26','刘海乔',1,'[{\"added\": {}}]',24,6),(841,'2024-09-18 23:47:28.640130','27','王秀芝',1,'[{\"added\": {}}]',24,6),(842,'2024-09-18 23:50:45.956555','48','王秀芝',1,'[{\"added\": {}}]',27,6),(843,'2024-09-18 23:51:05.649601','48','王秀芝',2,'[{\"changed\": {\"fields\": [\"\\u5206\\u578b\"]}}]',27,6),(844,'2024-09-18 23:51:15.694470','48','王秀芝',3,'',27,6),(845,'2024-09-18 23:51:35.876324','49','王秀芝',1,'[{\"added\": {}}]',27,6),(846,'2024-09-18 23:52:17.516841','49','王秀芝',3,'',27,6),(847,'2024-09-18 23:53:49.507063','50','王秀芝',1,'[{\"added\": {}}]',27,6),(848,'2024-09-19 20:11:51.381577','36','张丽',1,'[{\"added\": {}}]',25,6),(849,'2024-09-19 20:12:16.117450','36','张丽',2,'[{\"changed\": {\"fields\": [\"\\u5165\\u9662\\u8bca\\u65ad\"]}}]',25,6),(850,'2024-09-19 20:12:58.266630','37','王刚',1,'[{\"added\": {}}]',25,6),(851,'2024-09-19 20:13:27.898879','38','赵敏',1,'[{\"added\": {}}]',25,6),(852,'2024-09-19 20:14:02.868227','39','陈明',1,'[{\"added\": {}}]',25,6),(853,'2024-09-19 20:14:45.348191','40','刘芳',1,'[{\"added\": {}}]',25,6),(854,'2024-09-19 20:15:59.063541','41','孙浩',1,'[{\"added\": {}}]',25,6),(855,'2024-09-19 20:16:45.932548','35','王秀芝',3,'',25,6),(856,'2024-09-19 20:17:52.994096','42','王秀芝',1,'[{\"added\": {}}]',25,6),(857,'2024-09-21 11:20:43.549977','42','王秀芝',3,'',25,6),(858,'2024-09-21 11:21:24.190518','19','王秀芝',3,'',28,6),(859,'2024-09-21 11:22:32.400123','20','王秀芝',1,'[{\"added\": {}}]',28,6),(860,'2024-09-21 11:22:37.387194','20','王秀芝',3,'',28,6),(861,'2024-09-21 11:23:19.041950','50','王秀芝',3,'',26,6),(862,'2024-09-21 11:23:31.987978','50','王秀芝',3,'',27,6),(863,'2024-09-21 11:23:55.641158','27','王秀芝',3,'',24,6),(864,'2024-09-21 11:31:26.202007','43','王秀芝',1,'[{\"added\": {}}]',25,6),(865,'2024-09-21 11:31:37.251925','43','王秀芝',2,'[{\"changed\": {\"fields\": [\"\\u8840\\u6c27\\u9971\\u548c\\u5ea6(%)\"]}}]',25,6),(866,'2024-09-21 11:32:04.683152','21','王秀芝',1,'[{\"added\": {}}]',28,6),(867,'2024-09-21 11:37:08.383253','51','王秀芝',1,'[{\"added\": {}}]',26,6),(868,'2024-09-21 11:37:44.879392','51','王秀芝',3,'',26,6),(869,'2024-09-21 11:38:17.842540','52','王秀芝',1,'[{\"added\": {}}]',26,6),(870,'2024-09-21 11:39:18.247263','52','王秀芝',3,'',26,6),(871,'2024-09-21 11:39:48.053242','53','王秀芝',1,'[{\"added\": {}}]',26,6),(872,'2024-09-21 11:40:16.966058','53','王秀芝',2,'[{\"changed\": {\"fields\": [\"\\u5907\\u6ce8\"]}}]',26,6),(873,'2024-09-21 11:41:45.713188','28','王秀芝',1,'[{\"added\": {}}]',24,6),(874,'2024-09-21 11:44:19.619173','51','王秀芝',1,'[{\"added\": {}}]',27,6),(875,'2024-09-29 14:32:47.688581','28','王秀芝',2,'[{\"changed\": {\"fields\": [\"\\u56fe\\u50cf\"]}}]',24,6),(876,'2024-09-29 14:33:05.697019','53','0002',2,'[{\"changed\": {\"fields\": [\"\\u5de5\\u70b9\\u540d\\u79f0\", \"\\u56fe\\u50cf\"]}}]',26,6),(877,'2024-09-29 14:34:55.013503','53','0002',2,'[{\"changed\": {\"fields\": [\"\\u56fe\\u50cf\"]}}]',26,6),(878,'2024-09-29 14:35:02.693669','53','0002',3,'',26,6),(879,'2024-09-29 14:35:16.228432','54','科达制造股份',1,'[{\"added\": {}}]',26,6),(880,'2024-09-29 14:35:26.715929','54','0002',2,'[{\"changed\": {\"fields\": [\"\\u5de5\\u70b9\\u540d\\u79f0\"]}}]',26,6),(881,'2024-09-29 14:35:37.298841','28','王秀芝',3,'',24,6),(882,'2024-09-29 14:35:42.689694','26','刘海乔',3,'',24,6),(883,'2024-09-29 14:36:03.436243','51','王秀芝',3,'',27,6),(884,'2024-09-29 14:36:03.449252','47','孙悦',3,'',27,6),(885,'2024-09-29 14:36:03.451230','46','郑涛',3,'',27,6),(886,'2024-09-29 14:36:03.453239','45','吴丽',3,'',27,6),(887,'2024-09-29 14:36:03.455244','44','周伟',3,'',27,6),(888,'2024-09-29 14:36:03.456244','43','陈慧',3,'',27,6),(889,'2024-09-29 14:36:03.458233','42','刘洋',3,'',27,6),(890,'2024-09-29 14:36:03.459243','41','赵敏',3,'',27,6),(891,'2024-09-29 14:36:09.710337','40','王浩宇',3,'',27,6),(892,'2024-09-29 14:36:09.711347','39','张美丽',3,'',27,6),(893,'2024-09-29 14:36:09.713340','38','李华',3,'',27,6),(894,'2024-09-29 14:36:27.379469','36','松川机械设备对面',2,'[{\"changed\": {\"fields\": [\"\\u517b\\u62a4\\u5efa\\u8bae\"]}}]',27,6),(895,'2024-09-29 14:37:01.079352','54','0002',3,'',26,6),(896,'2024-09-29 14:37:22.505316','11','6 - YS',2,'[{\"changed\": {\"fields\": [\"\\u7f3a\\u9677\\u56fe\\u7247\"]}}]',25,6),(897,'2024-09-29 14:37:37.500472','10','5 - YS',2,'[{\"changed\": {\"fields\": [\"\\u7f3a\\u9677\\u56fe\\u7247\"]}}]',25,6),(898,'2024-09-29 14:37:50.095310','9','4 - YS',2,'[]',25,6),(899,'2024-09-29 14:38:02.212818','8','3 - YS',2,'[{\"changed\": {\"fields\": [\"\\u7f3a\\u9677\\u56fe\\u7247\"]}}]',25,6),(900,'2024-09-29 14:38:14.020046','7','2 - YS',2,'[{\"changed\": {\"fields\": [\"\\u7f3a\\u9677\\u56fe\\u7247\"]}}]',25,6),(901,'2024-09-29 14:38:26.932019','6','1 - YS',2,'[{\"changed\": {\"fields\": [\"\\u7f3a\\u9677\\u56fe\\u7247\"]}}]',25,6),(902,'2024-09-29 14:38:43.690865','9','4 - YS',2,'[{\"changed\": {\"fields\": [\"\\u7f3a\\u9677\\u56fe\\u7247\"]}}]',25,6),(903,'2024-09-29 14:38:49.222241','9','4 - YS',3,'',25,6),(904,'2024-09-29 14:39:15.685322','55','0002',1,'[{\"added\": {}}]',26,6),(905,'2024-09-29 14:40:16.224952','55','0002',2,'[]',26,6),(906,'2024-09-29 14:40:35.165197','55','0002',3,'',26,6),(907,'2024-09-29 14:43:15.170187','56','0002',1,'[{\"added\": {}}]',26,6),(908,'2024-09-29 14:43:27.452316','57','0004',1,'[{\"added\": {}}]',26,6),(909,'2024-09-29 14:58:29.913304','11','6 - YS',2,'[{\"changed\": {\"fields\": [\"\\u7f3a\\u9677\\u56fe\\u7247\"]}}]',25,6),(910,'2024-09-29 14:58:56.209025','10','5 - YS',2,'[{\"changed\": {\"fields\": [\"\\u7f3a\\u9677\\u56fe\\u7247\"]}}]',25,6),(911,'2024-09-29 14:59:10.060196','8','3 - YS',2,'[{\"changed\": {\"fields\": [\"\\u7f3a\\u9677\\u56fe\\u7247\"]}}]',25,6),(912,'2024-09-29 14:59:17.628099','7','2 - YS',2,'[{\"changed\": {\"fields\": [\"\\u7f3a\\u9677\\u56fe\\u7247\"]}}]',25,6),(913,'2024-09-29 14:59:30.725822','6','1 - YS',2,'[{\"changed\": {\"fields\": [\"\\u7f3a\\u9677\\u56fe\\u7247\"]}}]',25,6),(914,'2024-09-29 15:00:03.177496','15','8 - YS',1,'[{\"added\": {}}]',25,6),(915,'2024-09-29 15:00:28.285410','57','0004',3,'',26,6),(916,'2024-09-29 15:00:38.173166','58','0004',1,'[{\"added\": {}}]',26,6),(917,'2024-09-29 15:00:50.559969','58','0004',3,'',26,6),(918,'2024-09-29 15:01:11.665446','59','0004',1,'[{\"added\": {}}]',26,6),(919,'2024-09-29 15:01:31.748791','59','0004',3,'',26,6),(920,'2024-09-29 15:01:41.048678','60','0004',1,'[{\"added\": {}}]',26,6),(921,'2024-09-29 15:01:47.884699','60','0004',3,'',26,6),(922,'2024-09-29 15:02:03.246245','61','0004',1,'[{\"added\": {}}]',26,6),(923,'2024-09-29 15:02:25.163371','61','0004',3,'',26,6),(924,'2024-09-29 15:02:58.327378','15','8 - YS',2,'[{\"changed\": {\"fields\": [\"\\u7f3a\\u9677\\u56fe\\u7247\"]}}]',25,6),(925,'2024-09-29 15:03:09.947103','62','0004',1,'[{\"added\": {}}]',26,6),(926,'2024-09-29 15:03:40.809978','29','科达制造股份',1,'[{\"added\": {}}]',24,6),(927,'2024-09-29 15:03:59.596896','36','松川机械设备对面',2,'[]',27,6),(928,'2024-09-29 15:04:08.225813','35','鸿金源精密制造',2,'[{\"changed\": {\"fields\": [\"\\u4fee\\u590d\\u5efa\\u8bae\", \"\\u517b\\u62a4\\u5efa\\u8bae\"]}}]',27,6),(929,'2024-09-29 15:04:26.931788','33','工业四路',2,'[{\"changed\": {\"fields\": [\"\\u517b\\u62a4\\u5efa\\u8bae\"]}}]',27,6),(930,'2024-09-29 15:04:38.906898','29','新兴业玻璃',2,'[{\"changed\": {\"fields\": [\"\\u517b\\u62a4\\u5efa\\u8bae\"]}}]',27,6),(931,'2024-09-29 15:04:45.746673','28','松川机械设备对面',2,'[{\"changed\": {\"fields\": [\"\\u517b\\u62a4\\u5efa\\u8bae\"]}}]',27,6),(932,'2024-09-29 15:04:58.918580','27','鸿金源精密制造',2,'[{\"changed\": {\"fields\": [\"\\u4fee\\u590d\\u7c7b\\u578b\", \"\\u517b\\u62a4\\u5efa\\u8bae\"]}}]',27,6),(933,'2024-09-29 15:05:12.547711','26','科达制造股份',2,'[{\"changed\": {\"fields\": [\"\\u517b\\u62a4\\u5efa\\u8bae\"]}}]',27,6),(934,'2024-10-06 23:11:26.160068','52','2',1,'[{\"added\": {}}]',27,6),(935,'2024-10-06 23:11:45.324718','52','2',2,'[]',27,6),(936,'2024-10-06 23:14:47.408414','52','2',2,'[{\"changed\": {\"fields\": [\"\\u4fee\\u590d\\u7c7b\\u578b\"]}}]',27,6),(937,'2024-10-06 23:23:09.803294','52','2',2,'[{\"changed\": {\"fields\": [\"\\u4fee\\u590d\\u7c7b\\u578b\"]}}]',27,6),(938,'2024-10-06 23:24:34.017376','53','1',1,'[{\"added\": {}}]',27,6),(939,'2024-10-07 18:13:03.629276','53','1',3,'',27,6),(940,'2024-10-07 18:13:03.632654','52','2',3,'',27,6),(941,'2024-10-07 18:22:21.510003','16','9 - YS',1,'[{\"added\": {}}]',25,6),(942,'2024-10-07 18:23:17.762909','17','10 - YS',1,'[{\"added\": {}}]',25,6),(943,'2024-10-07 18:24:02.279706','18','11 - YS',1,'[{\"added\": {}}]',25,6),(944,'2024-10-07 18:24:30.847240','19','12 - YS',1,'[{\"added\": {}}]',25,6),(945,'2024-10-07 18:27:30.600412','20','13 - YS',1,'[{\"added\": {}}]',25,6),(946,'2024-10-07 18:28:51.591359','21','14 - YS',1,'[{\"added\": {}}]',25,6),(947,'2024-10-07 18:29:26.328805','22','15 - YS',1,'[{\"added\": {}}]',25,6),(948,'2024-10-07 18:30:02.757479','23','16 - YS',1,'[{\"added\": {}}]',25,6),(949,'2024-10-07 18:31:05.805512','24','17 - YS',1,'[{\"added\": {}}]',25,6),(950,'2024-10-07 18:31:53.396399','25','18 - YS',1,'[{\"added\": {}}]',25,6),(951,'2024-10-07 18:33:16.341814','26','19 - YS',1,'[{\"added\": {}}]',25,6),(952,'2024-10-07 18:33:53.714491','27','20 - YS',1,'[{\"added\": {}}]',25,6),(953,'2024-10-07 18:34:28.053479','62','0004',3,'',26,6),(954,'2024-10-07 18:35:10.235308','63','鸿鑫源',1,'[{\"added\": {}}]',26,6),(955,'2024-10-07 18:36:49.587412','63','鸿鑫源',3,'',26,6),(956,'2024-10-07 18:36:56.464641','64','鸿鑫源',1,'[{\"added\": {}}]',26,6),(957,'2024-10-07 18:37:12.727632','64','0008',2,'[{\"changed\": {\"fields\": [\"\\u5de5\\u70b9\\u540d\\u79f0\"]}}]',26,6),(958,'2024-10-07 18:39:18.670193','64','0008',2,'[{\"changed\": {\"fields\": [\"\\u56fe\\u50cf\"]}}]',26,6),(959,'2024-10-07 18:41:32.534078','64','0008',3,'',26,6),(960,'2024-10-07 18:41:45.349357','65','0008',1,'[{\"added\": {}}]',26,6),(961,'2024-10-07 18:42:36.716705','65','0008',2,'[{\"changed\": {\"fields\": [\"\\u56fe\\u50cf\"]}}]',26,6),(962,'2024-10-07 18:42:51.147255','66','0005',1,'[{\"added\": {}}]',26,6),(963,'2024-10-07 18:43:31.833091','66','0005',2,'[]',26,6),(964,'2024-10-07 18:43:39.613242','66','0005',3,'',26,6),(965,'2024-10-07 18:43:43.591027','65','0008',3,'',26,6),(966,'2024-10-07 18:43:53.631247','67','0005',1,'[{\"added\": {}}]',26,6),(967,'2024-10-07 18:44:06.712931','68','0008',1,'[{\"added\": {}}]',26,6),(968,'2024-10-07 18:45:14.404050','54','怡南总部大楼',1,'[{\"added\": {}}]',27,6),(969,'2024-10-07 18:45:43.992008','55','怡南总部大楼',1,'[{\"added\": {}}]',27,6),(970,'2024-10-07 18:46:13.054896','56','宏山激光',1,'[{\"added\": {}}]',27,6),(971,'2024-10-07 18:47:09.730754','57','宏山激光',1,'[{\"added\": {}}]',27,6),(972,'2024-10-07 18:47:36.815598','58','宏山激光',1,'[{\"added\": {}}]',27,6),(973,'2024-10-07 18:48:06.044357','59','宏山激光',1,'[{\"added\": {}}]',27,6),(974,'2024-10-07 18:48:53.569663','60','新厨厨具电器厂',1,'[{\"added\": {}}]',27,6),(975,'2024-10-07 18:49:20.451967','61','新厨厨具电器厂',1,'[{\"added\": {}}]',27,6),(976,'2024-10-07 18:49:44.045678','62','新厨厨具电器厂',1,'[{\"added\": {}}]',27,6),(977,'2024-10-07 18:50:10.465636','63','昇辉电子控股',1,'[{\"added\": {}}]',27,6),(978,'2024-10-07 18:50:32.677596','64','昇辉电子控股',1,'[{\"added\": {}}]',27,6),(979,'2024-10-07 18:50:43.940583','64','昇辉电子控股',2,'[{\"changed\": {\"fields\": [\"\\u4fee\\u590d\\u7c7b\\u578b\"]}}]',27,6),(980,'2024-10-07 18:50:57.582226','62','新厨厨具电器厂',2,'[{\"changed\": {\"fields\": [\"\\u4fee\\u590d\\u7c7b\\u578b\"]}}]',27,6),(981,'2024-10-07 18:51:08.199128','60','新厨厨具电器厂',2,'[{\"changed\": {\"fields\": [\"\\u4fee\\u590d\\u7c7b\\u578b\"]}}]',27,6),(982,'2024-10-07 18:51:19.357942','57','宏山激光',2,'[{\"changed\": {\"fields\": [\"\\u7ba1\\u6bb5\\u7c7b\\u578b\", \"\\u4fee\\u590d\\u7c7b\\u578b\"]}}]',27,6),(983,'2024-10-08 08:26:23.769365','29','科达制造股份',3,'',24,6),(984,'2024-10-08 08:27:17.147446','30','鸿鑫源',1,'[{\"added\": {}}]',24,6),(985,'2024-10-08 08:28:58.899075','30','鸿鑫源',3,'',24,6),(986,'2024-10-08 08:29:04.640193','31','鸿鑫源',1,'[{\"added\": {}}]',24,6),(987,'2024-10-08 08:29:12.179453','31','鸿鑫源',3,'',24,6),(988,'2024-10-08 08:29:18.065936','32','鸿鑫源',1,'[{\"added\": {}}]',24,6),(989,'2024-10-08 08:29:37.233841','68','0008',3,'',26,6),(990,'2024-10-08 08:30:11.463609','69','0008',1,'[{\"added\": {}}]',26,6),(991,'2024-10-08 08:30:19.737910','69','0008',3,'',26,6),(992,'2024-10-08 08:30:56.682618','70','0008',1,'[{\"added\": {}}]',26,6),(993,'2024-10-13 14:52:50.334060','27','20 - YS',2,'[{\"changed\": {\"fields\": [\"\\u7f3a\\u9677\\u63cf\\u8ff0\"]}}]',25,6),(994,'2024-10-13 19:19:20.514823','33','科达',1,'[{\"added\": {}}]',24,6),(995,'2024-10-13 19:20:51.481186','33','科达',2,'[]',24,6),(996,'2024-10-13 19:21:37.027542','34','科达',1,'[{\"added\": {}}]',24,6),(997,'2024-10-13 19:21:51.494419','35','科达',1,'[{\"added\": {}}]',24,6),(998,'2024-10-13 19:24:15.084187','35','科达',2,'[]',24,6),(999,'2024-10-13 19:25:38.590265','36','科达',1,'[{\"added\": {}}]',24,6),(1000,'2024-10-13 19:29:06.758546','37','科达',1,'[{\"added\": {}}]',24,6),(1001,'2024-10-13 19:37:29.160052','38','科达',1,'[{\"added\": {}}]',24,6),(1002,'2024-10-13 19:40:46.530529','39','科达',1,'[{\"added\": {}}]',24,6),(1003,'2024-10-13 19:41:19.017061','40','科达',1,'[{\"added\": {}}]',24,6),(1004,'2024-10-13 19:44:36.716246','41','科达',1,'[{\"added\": {}}]',24,6),(1005,'2024-10-13 19:47:36.087058','42','科达',1,'[{\"added\": {}}]',24,6),(1006,'2024-10-13 19:47:44.848032','42','科达',3,'',24,6),(1007,'2024-10-13 19:48:14.903447','41','科达',3,'',24,6),(1008,'2024-10-13 19:48:14.913543','40','科达',3,'',24,6),(1009,'2024-10-13 19:48:14.913543','39','科达',3,'',24,6),(1010,'2024-10-13 19:48:14.913543','38','科达',3,'',24,6),(1011,'2024-10-13 19:48:14.923479','37','科达',3,'',24,6),(1012,'2024-10-13 19:48:14.923479','36','科达',3,'',24,6),(1013,'2024-10-13 19:48:14.923479','35','科达',3,'',24,6),(1014,'2024-10-13 19:48:14.933494','34','科达',3,'',24,6),(1015,'2024-10-13 19:48:14.933494','33','科达',3,'',24,6),(1016,'2024-10-13 19:48:14.933494','32','鸿鑫源',3,'',24,6),(1017,'2024-10-13 20:09:15.839401','26','19 - YS',2,'[{\"changed\": {\"fields\": [\"\\u7f3a\\u9677\\u63cf\\u8ff0\"]}}]',25,6),(1018,'2024-10-13 20:10:20.771896','25','18 - YS',2,'[{\"changed\": {\"fields\": [\"\\u7f3a\\u9677\\u63cf\\u8ff0\"]}}]',25,6),(1019,'2024-10-13 20:11:16.521541','24','17 - YS',2,'[{\"changed\": {\"fields\": [\"\\u7f3a\\u9677\\u63cf\\u8ff0\"]}}]',25,6),(1020,'2024-10-13 20:12:21.584312','23','16 - YS',2,'[{\"changed\": {\"fields\": [\"\\u7f3a\\u9677\\u63cf\\u8ff0\"]}}]',25,6),(1021,'2024-10-13 20:12:43.362986','22','15 - YS',2,'[{\"changed\": {\"fields\": [\"\\u7f3a\\u9677\\u63cf\\u8ff0\"]}}]',25,6),(1022,'2024-10-14 15:49:42.914860','43','科达',1,'[{\"added\": {}}]',24,6),(1023,'2024-10-14 15:50:02.632684','44','鸿鑫源',1,'[{\"added\": {}}]',24,6),(1024,'2024-10-14 15:51:10.279524','45','新亮汽车',1,'[{\"added\": {}}]',24,6),(1025,'2024-10-14 15:54:20.014975','65','伟才国际',1,'[{\"added\": {}}]',27,6),(1026,'2024-10-14 15:54:39.131462','65','伟才国际',2,'[]',27,6),(1027,'2024-10-14 15:54:46.043568','65','伟才国际',2,'[{\"changed\": {\"fields\": [\"\\u4fee\\u590d\\u7c7b\\u578b\"]}}]',27,6),(1028,'2024-10-14 15:54:50.182829','65','伟才国际',2,'[]',27,6),(1029,'2024-10-14 15:57:56.579577','66','东淼金属制品',1,'[{\"added\": {}}]',27,6),(1030,'2024-10-14 15:58:36.621465','66','东淼金属制品',2,'[{\"changed\": {\"fields\": [\"\\u4fee\\u590d\\u7c7b\\u578b\"]}}]',27,6),(1031,'2024-10-19 18:10:15.730918','43','王秀芝',2,'[{\"changed\": {\"fields\": [\"\\u8840\\u6c27\\u9971\\u548c\\u5ea6(%)\"]}}]',25,6),(1032,'2024-10-19 23:05:06.838590','0','科达',1,'[{\"added\": {}}]',38,6),(1033,'2024-10-21 13:47:58.248905','27','20 - YS',2,'[]',25,6),(1034,'2024-10-21 13:49:04.522914','0','1',1,'[{\"added\": {}}]',38,6),(1035,'2024-10-22 09:17:18.509193','0','2',1,'[{\"added\": {}}]',38,6),(1036,'2024-10-22 09:18:10.546358','71','0007',1,'[{\"added\": {}}]',26,6),(1037,'2024-10-22 09:18:21.460289','71','0007',3,'',26,6),(1038,'2024-10-22 09:18:29.645192','56','0002',3,'',26,6),(1039,'2024-10-22 09:19:23.084740','72','0007',1,'[{\"added\": {}}]',26,6),(1040,'2024-10-22 09:20:35.713094','72','0007',3,'',26,6),(1041,'2024-10-22 09:21:13.098104','73','0007',1,'[{\"added\": {}}]',26,6),(1042,'2024-10-22 09:21:34.854073','73','0007',3,'',26,6),(1043,'2024-10-22 09:23:37.002539','46','1',1,'[{\"added\": {}}]',24,6),(1044,'2024-10-25 22:32:47.538657','66','东淼金属制品',2,'[{\"changed\": {\"fields\": [\"\\u7f3a\\u9677\\u56fe\\u50cf\"]}}]',27,6),(1045,'2024-10-25 22:36:57.639579','66','东淼金属制品',2,'[{\"changed\": {\"fields\": [\"\\u7f3a\\u9677\\u56fe\\u50cf\"]}}]',27,6),(1046,'2024-10-25 22:43:10.016521','67','1',1,'[{\"added\": {}}]',27,6),(1047,'2024-10-25 22:43:18.503159','67','1',3,'',27,6),(1048,'2024-10-25 22:44:13.697485','65','伟才国际',2,'[{\"changed\": {\"fields\": [\"\\u7f3a\\u9677\\u56fe\\u50cf\"]}}]',27,6),(1049,'2024-10-28 20:09:44.550134','66','东淼金属制品',2,'[{\"changed\": {\"fields\": [\"\\u7f3a\\u9677\\u7c7b\\u578b\"]}}]',27,6),(1050,'2024-10-28 20:10:12.931195','65','伟才国际',2,'[{\"changed\": {\"fields\": [\"\\u7f3a\\u9677\\u56fe\\u50cf\"]}}]',27,6),(1051,'2024-10-28 20:10:34.697772','64','昇辉电子控股',2,'[{\"changed\": {\"fields\": [\"\\u7f3a\\u9677\\u7c7b\\u578b\", \"\\u7f3a\\u9677\\u56fe\\u50cf\"]}}]',27,6),(1052,'2024-10-28 20:10:49.702986','64','昇辉电子控股',2,'[{\"changed\": {\"fields\": [\"\\u7f3a\\u9677\\u56fe\\u50cf\"]}}]',27,6),(1053,'2024-10-28 20:10:59.049809','63','昇辉电子控股',2,'[{\"changed\": {\"fields\": [\"\\u7f3a\\u9677\\u7c7b\\u578b\", \"\\u7f3a\\u9677\\u56fe\\u50cf\"]}}]',27,6),(1054,'2024-10-28 20:11:14.947869','62','新厨厨具电器厂',2,'[{\"changed\": {\"fields\": [\"\\u7f3a\\u9677\\u7c7b\\u578b\", \"\\u7f3a\\u9677\\u56fe\\u50cf\"]}}]',27,6),(1055,'2024-10-28 20:11:25.706010','62','新厨厨具电器厂',2,'[{\"changed\": {\"fields\": [\"\\u7f3a\\u9677\\u56fe\\u50cf\"]}}]',27,6),(1056,'2024-10-28 20:11:34.298768','61','新厨厨具电器厂',2,'[{\"changed\": {\"fields\": [\"\\u7f3a\\u9677\\u56fe\\u50cf\"]}}]',27,6),(1057,'2024-10-28 20:12:21.376594','60','新厨厨具电器厂',2,'[{\"changed\": {\"fields\": [\"\\u7f3a\\u9677\\u56fe\\u50cf\"]}}]',27,6),(1058,'2024-10-28 20:12:32.267456','59','宏山激光',2,'[{\"changed\": {\"fields\": [\"\\u7f3a\\u9677\\u56fe\\u50cf\"]}}]',27,6),(1059,'2024-10-28 20:12:41.078267','58','宏山激光',2,'[{\"changed\": {\"fields\": [\"\\u7f3a\\u9677\\u7c7b\\u578b\"]}}]',27,6),(1060,'2024-10-28 20:12:51.817919','66','东淼金属制品',3,'',27,6),(1061,'2024-10-28 20:12:51.827949','65','伟才国际',3,'',27,6),(1062,'2024-11-09 10:05:54.376474','64','昇辉电子控股',2,'[{\"changed\": {\"fields\": [\"\\u4fee\\u590d\\u5efa\\u8bae\", \"\\u517b\\u62a4\\u5efa\\u8bae\"]}}]',27,6),(1063,'2024-11-09 10:06:06.882241','62','新厨厨具电器厂',2,'[{\"changed\": {\"fields\": [\"\\u4fee\\u590d\\u5efa\\u8bae\", \"\\u517b\\u62a4\\u5efa\\u8bae\"]}}]',27,6),(1064,'2024-11-09 10:06:19.556315','60','新厨厨具电器厂',2,'[{\"changed\": {\"fields\": [\"\\u4fee\\u590d\\u5efa\\u8bae\", \"\\u517b\\u62a4\\u5efa\\u8bae\"]}}]',27,6),(1065,'2024-11-09 10:06:49.099030','57','宏山激光',2,'[{\"changed\": {\"fields\": [\"\\u4fee\\u590d\\u5efa\\u8bae\", \"\\u517b\\u62a4\\u5efa\\u8bae\"]}}]',27,6),(1066,'2024-11-09 10:07:05.273184','35','鸿金源精密制造',3,'',27,6),(1067,'2024-11-09 10:07:05.288084','34','赤花隧道东路',3,'',27,6),(1068,'2024-11-09 10:07:05.288084','33','工业四路',3,'',27,6),(1069,'2024-11-09 10:07:05.288084','29','新兴业玻璃',3,'',27,6),(1070,'2024-11-09 10:07:05.288084','28','松川机械设备对面',3,'',27,6),(1071,'2024-11-09 10:37:41.834600','62','新厨厨具电器',2,'[{\"changed\": {\"fields\": [\"\\u5de5\\u70b9\\u540d\\u79f0\"]}}]',27,6),(1072,'2024-11-09 10:37:47.148128','61','新厨厨具电器',2,'[{\"changed\": {\"fields\": [\"\\u5de5\\u70b9\\u540d\\u79f0\"]}}]',27,6),(1073,'2024-11-09 10:37:52.077698','60','新厨厨具电器',2,'[{\"changed\": {\"fields\": [\"\\u5de5\\u70b9\\u540d\\u79f0\"]}}]',27,6),(1074,'2024-11-09 10:38:08.630136','60','新厨厨具电器厂',2,'[{\"changed\": {\"fields\": [\"\\u5de5\\u70b9\\u540d\\u79f0\"]}}]',27,6),(1075,'2024-11-09 10:59:40.425432','64','昇辉电子控股',2,'[{\"changed\": {\"fields\": [\"\\u7f3a\\u9677\\u63cf\\u8ff0\"]}}]',27,6),(1076,'2024-11-09 10:59:49.896253','63','昇辉电子控股',2,'[{\"changed\": {\"fields\": [\"\\u7f3a\\u9677\\u63cf\\u8ff0\"]}}]',27,6),(1077,'2024-11-09 18:24:17.177649','63','昇辉电子控股',2,'[{\"changed\": {\"fields\": [\"\\u4fee\\u590d\\u7c7b\\u578b\"]}}]',27,6),(1078,'2024-11-09 18:24:26.313458','64','昇辉电子控股',2,'[{\"changed\": {\"fields\": [\"\\u4fee\\u590d\\u7c7b\\u578b\"]}}]',27,6),(1079,'2024-12-12 14:03:30.371867','74','1',1,'[{\"added\": {}}]',26,6),(1080,'2025-01-12 15:44:15.516131','60','新厨厨具电器',2,'[{\"changed\": {\"fields\": [\"\\u5de5\\u70b9\\u540d\\u79f0\", \"\\u7f3a\\u9677\\u63cf\\u8ff0\"]}}]',27,6),(1081,'2025-01-12 20:11:17.096275','68','昇辉电子控股',1,'[{\"added\": {}}]',27,6),(1082,'2025-01-12 20:11:46.698964','68','昇辉电子控股',2,'[]',27,6),(1083,'2025-01-12 20:14:20.911102','68','昇辉电子控股',2,'[{\"changed\": {\"fields\": [\"\\u4fee\\u590d\\u7c7b\\u578b\"]}}]',27,6),(1084,'2025-01-13 18:04:11.101844','47','2',1,'[{\"added\": {}}]',24,6),(1085,'2025-01-13 18:33:09.339021','75','3',1,'[{\"added\": {}}]',26,6),(1086,'2025-01-13 18:42:08.893740','48','5',1,'[{\"added\": {}}]',24,6),(1087,'2025-01-13 18:48:16.449329','68','昇辉电子控股',2,'[]',27,6),(1088,'2025-01-13 18:48:51.815422','69','昇辉电子控股',1,'[{\"added\": {}}]',27,6),(1089,'2025-01-31 20:30:05.085071','1','鸿金源精密制造',1,'[{\"added\": {}}]',39,6),(1090,'2025-01-31 20:37:23.555275','1','鸿金源精密制造',2,'[]',39,6),(1091,'2025-01-31 21:23:39.486535','1','鸿金源精密制造',2,'[{\"changed\": {\"fields\": [\"\\u7ba1\\u6bb5\\u6750\\u8d28\", \"\\u7f3a\\u9677\\u7c7b\\u578b\"]}}]',39,6),(1092,'2025-01-31 21:23:52.765052','1','鸿金源精密制造',2,'[]',39,6),(1093,'2025-01-31 21:24:13.672995','69','昇辉电子控股',2,'[]',27,6),(1094,'2025-01-31 21:28:43.836181','2','11',1,'[{\"added\": {}}]',39,6),(1095,'2025-01-31 21:38:31.521026','2','11',2,'[{\"changed\": {\"fields\": [\"\\u7ba1\\u6bb5\\u6750\\u8d28\"]}}]',39,6),(1096,'2025-01-31 21:41:57.992732','2','11',2,'[{\"changed\": {\"fields\": [\"\\u7ba1\\u6bb5\\u6750\\u8d28\"]}}]',39,6),(1097,'2025-01-31 21:42:07.910807','2','11',2,'[{\"changed\": {\"fields\": [\"\\u7f3a\\u9677\\u7c7b\\u578b\"]}}]',39,6),(1098,'2025-01-31 21:47:28.720053','2','11',2,'[{\"changed\": {\"fields\": [\"\\u7ba1\\u6bb5\\u6750\\u8d28\"]}}]',39,6),(1099,'2025-01-31 21:47:56.708800','2','11',2,'[{\"changed\": {\"fields\": [\"\\u7ba1\\u6bb5\\u6750\\u8d28\"]}}]',39,6),(1100,'2025-01-31 21:51:04.666970','2','11',2,'[{\"changed\": {\"fields\": [\"\\u7ba1\\u6bb5\\u6750\\u8d28\"]}}]',39,6),(1101,'2025-02-02 20:01:09.998179','1','鸿金源精密制造',2,'[{\"changed\": {\"fields\": [\"\\u7ba1\\u6bb5\\u6750\\u8d28\", \"\\u7f3a\\u9677\\u7c7b\\u578b\"]}}]',39,6),(1102,'2025-02-02 20:01:16.264354','2','11',3,'',39,6),(1103,'2025-02-02 20:09:59.263141','3','保记饭店',1,'[{\"added\": {}}]',39,6),(1104,'2025-02-02 20:11:28.723220','4','湘川不锈钢',1,'[{\"added\": {}}]',39,6),(1105,'2025-02-02 20:13:16.466444','5','南宝宏钢材',1,'[{\"added\": {}}]',39,6),(1106,'2025-02-02 20:14:16.918065','6','兴隆五路',1,'[{\"added\": {}}]',39,6),(1107,'2025-02-02 20:15:15.921255','7','兴业十路',1,'[{\"added\": {}}]',39,6),(1108,'2025-02-02 20:16:36.505382','8','宏山激光',1,'[{\"added\": {}}]',39,6),(1109,'2025-02-02 20:18:19.003651','9','新厨厨具电器厂',1,'[{\"added\": {}}]',39,6),(1110,'2025-02-02 20:28:45.578458','10','屯教西路',1,'[{\"added\": {}}]',39,6),(1111,'2025-02-04 19:27:27.358168','10','屯教西路',2,'[]',39,6),(1112,'2025-02-04 19:27:48.495825','10','屯教西路',2,'[{\"changed\": {\"fields\": [\"\\u7ba1\\u6bb5\\u76f4\\u5f84(mm)\"]}}]',39,6),(1113,'2025-04-05 13:39:16.234430','3','test11-起伏-1级',1,'[{\"added\": {}}]',40,6),(1114,'2025-04-05 14:06:48.305636','1','工点A-破裂-1级',3,'',40,6),(1115,'2025-05-09 22:57:08.391331','1','aaa1-树根-2级',1,'[{\"added\": {}}]',42,6),(1116,'2025-05-09 22:57:11.295853','1','aaa1-树根-2级',2,'[]',42,6),(1117,'2025-05-09 22:57:14.626029','1','aaa1-树根-2级',2,'[]',42,6),(1118,'2025-05-10 00:03:38.371428','1','aaa1-树根-2级-机器人切割+加井或覆建',3,'',43,6),(1119,'2025-05-10 00:03:46.741396','1','aaa1-树根-2级',3,'',42,6),(1120,'2025-05-10 00:21:11.112652','2','test-沉积-小于400-沉积-1级',1,'[{\"added\": {}}]',42,6),(1121,'2025-05-10 00:22:14.923679','3','test-沉积-400600-沉积-1级-沉积-2级',1,'[{\"added\": {}}]',42,6),(1122,'2025-05-10 00:22:46.192735','4','test-沉积-大于600-1级-沉积-1级',1,'[{\"added\": {}}]',42,6),(1123,'2025-05-10 00:23:26.312827','5','test-结垢-小于400-1级-结垢-1级',1,'[{\"added\": {}}]',42,6),(1124,'2025-05-10 00:23:53.393571','6','test-结垢-400600-1级-结垢-1级',1,'[{\"added\": {}}]',42,6),(1125,'2025-05-10 00:24:17.875090','7','test-结垢-大于600-1级-结垢-1级',1,'[{\"added\": {}}]',42,6),(1126,'2025-05-10 00:24:41.044513','8','test-树根-小于400-1级-树根-1级',1,'[{\"added\": {}}]',42,6),(1127,'2025-05-10 00:25:02.087830','9','test-树根-小于400-3级-树根-3级',1,'[{\"added\": {}}]',42,6),(1128,'2025-05-10 00:25:31.899586','10','test-树根-400600-1级-树根-1级',1,'[{\"added\": {}}]',42,6),(1129,'2025-05-10 00:26:19.215814','11','test-树根-400600-3级-树根-3级',1,'[{\"added\": {}}]',42,6),(1130,'2025-05-10 00:26:39.308991','12','test-树根-大于600-1级-树根-1级',1,'[{\"added\": {}}]',42,6),(1131,'2025-05-10 00:27:13.912219','13','test-树根-大于600-3级-树根-3级',1,'[{\"added\": {}}]',42,6),(1132,'2025-05-10 00:27:38.248842','14','test-障碍物-障碍物-1级',1,'[{\"added\": {}}]',42,6),(1133,'2025-05-10 00:28:03.210597','15','test-残墙坝根-残墙坝根-1级',1,'[{\"added\": {}}]',42,6),(1134,'2025-05-10 00:28:16.456629','16','test-浮渣-浮渣-1级',1,'[{\"added\": {}}]',42,6),(1135,'2025-05-10 00:29:30.179797','7','test-结垢-大于600-1级-结垢-1级',2,'[{\"changed\": {\"fields\": [\"\\u7ba1\\u6bb5\\u76f4\\u5f84\\uff08\\u6beb\\u7c73\\uff09\"]}}]',42,6),(1136,'2025-05-28 20:02:41.200176','5','test1-接口材料脱落-2级',1,'[{\"added\": {}}]',40,6),(1137,'2025-05-28 20:20:16.696891','6','test1-接口材料脱落-2级',2,'[{\"changed\": {\"fields\": [\"\\u8d77\\u70b9\\u57cb\\u6df1\\uff08\\u7c73\\uff09\", \"\\u7ec8\\u70b9\\u57cb\\u6df1\\uff08\\u7c73\\uff09\"]}}]',40,6),(1138,'2025-05-28 21:24:46.739477','6','test122-接口材料脱落-2级',2,'[{\"changed\": {\"fields\": [\"\\u5de5\\u70b9\\u540d\\u79f0\", \"\\u8d77\\u70b9\\u57cb\\u6df1\\uff08\\u7c73\\uff09\", \"\\u7ec8\\u70b9\\u57cb\\u6df1\\uff08\\u7c73\\uff09\"]}}]',40,6),(1139,'2025-05-28 21:24:57.324397','6','test122-接口材料脱落-2级',2,'[{\"changed\": {\"fields\": [\"\\u8d77\\u70b9\\u57cb\\u6df1\\uff08\\u7c73\\uff09\", \"\\u7ec8\\u70b9\\u57cb\\u6df1\\uff08\\u7c73\\uff09\"]}}]',40,6),(1140,'2025-05-28 21:25:14.484743','6','test122-变形-2级',2,'[{\"changed\": {\"fields\": [\"\\u7f3a\\u9677\\u540d\\u79f0\", \"\\u8d77\\u70b9\\u57cb\\u6df1\\uff08\\u7c73\\uff09\", \"\\u7ec8\\u70b9\\u57cb\\u6df1\\uff08\\u7c73\\uff09\", \"\\u7ba1\\u6bb5\\u76f4\\u5f84\\uff08\\u6beb\\u7c73\\uff09\"]}}]',40,6),(1141,'2025-05-28 21:26:57.612859','7','test3-脱节-3级',1,'[{\"added\": {}}]',40,6),(1142,'2025-05-28 21:36:49.535143','3','test1-接口材料脱落-2级-修复建议: 不修复\n具体修复措施: ',3,'',41,6),(1143,'2025-05-28 21:36:49.599948','2','工点B-渗漏-2级-检查渗漏点，进行堵漏处理，必要时更换部分管道。',3,'',41,6);
/*!40000 ALTER TABLE `django_admin_log` ENABLE KEYS */;
UNLOCK TABLES;

--
-- Table structure for table `django_content_type`
--

DROP TABLE IF EXISTS `django_content_type`;
/*!40101 SET @saved_cs_client     = @@character_set_client */;
 SET character_set_client = utf8mb4 ;
CREATE TABLE `django_content_type` (
  `id` int(11) NOT NULL AUTO_INCREMENT,
  `app_label` varchar(100) CHARACTER SET utf8 COLLATE utf8_general_ci NOT NULL,
  `model` varchar(100) CHARACTER SET utf8 COLLATE utf8_general_ci NOT NULL,
  PRIMARY KEY (`id`) USING BTREE,
  UNIQUE KEY `django_content_type_app_label_model_76bd3d3b_uniq` (`app_label`,`model`) USING BTREE
) ENGINE=InnoDB AUTO_INCREMENT=44 DEFAULT CHARSET=utf8 ROW_FORMAT=DYNAMIC;
/*!40101 SET character_set_client = @saved_cs_client */;

--
-- Dumping data for table `django_content_type`
--

LOCK TABLES `django_content_type` WRITE;
/*!40000 ALTER TABLE `django_content_type` DISABLE KEYS */;
INSERT INTO `django_content_type` VALUES (31,'auth','group'),(36,'auth','user'),(40,'defect_repair','defectinfo'),(41,'defect_repair','repairsuggestion'),(28,'emrecord','morder'),(25,'emrecord','patient'),(38,'emrecord','patientrecord'),(42,'func_defect_repair','funcdefectinfo'),(43,'func_defect_repair','funcrepairsuggestion'),(24,'imgclass','imgclass'),(29,'imgclass','imgclass1'),(39,'imgclass','textclass'),(26,'imgseg','image'),(30,'imgseg','image1'),(32,'imgseg','image2'),(33,'imgseg','image3'),(35,'imgseg','image4'),(34,'imgseg','image5'),(37,'ptclass','patientrecord'),(27,'ptclass','ptclass');
/*!40000 ALTER TABLE `django_content_type` ENABLE KEYS */;
UNLOCK TABLES;

--
-- Table structure for table `django_migrations`
--

DROP TABLE IF EXISTS `django_migrations`;
/*!40101 SET @saved_cs_client     = @@character_set_client */;
 SET character_set_client = utf8mb4 ;
CREATE TABLE `django_migrations` (
  `id` bigint(20) NOT NULL AUTO_INCREMENT,
  `app` varchar(255) CHARACTER SET utf8 COLLATE utf8_general_ci NOT NULL,
  `name` varchar(255) CHARACTER SET utf8 COLLATE utf8_general_ci NOT NULL,
  `applied` datetime(6) NOT NULL,
  PRIMARY KEY (`id`) USING BTREE
) ENGINE=InnoDB AUTO_INCREMENT=47 DEFAULT CHARSET=utf8 ROW_FORMAT=DYNAMIC;
/*!40101 SET character_set_client = @saved_cs_client */;

--
-- Dumping data for table `django_migrations`
--

LOCK TABLES `django_migrations` WRITE;
/*!40000 ALTER TABLE `django_migrations` DISABLE KEYS */;
/*!40000 ALTER TABLE `django_migrations` ENABLE KEYS */;
UNLOCK TABLES;

--
-- Table structure for table `django_session`
--

DROP TABLE IF EXISTS `django_session`;
/*!40101 SET @saved_cs_client     = @@character_set_client */;
 SET character_set_client = utf8mb4 ;
CREATE TABLE `django_session` (
  `session_key` varchar(40) CHARACTER SET utf8 COLLATE utf8_general_ci NOT NULL,
  `session_data` longtext CHARACTER SET utf8 COLLATE utf8_general_ci NOT NULL,
  `expire_date` datetime(6) NOT NULL,
  PRIMARY KEY (`session_key`) USING BTREE,
  KEY `django_session_expire_date_a5c62663` (`expire_date`) USING BTREE
) ENGINE=InnoDB DEFAULT CHARSET=utf8 ROW_FORMAT=DYNAMIC;
/*!40101 SET character_set_client = @saved_cs_client */;

--
-- Dumping data for table `django_session`
--

LOCK TABLES `django_session` WRITE;
/*!40000 ALTER TABLE `django_session` DISABLE KEYS */;
INSERT INTO `django_session` VALUES ('4safhn4kj4tpedpqd53wc3ykavvxwdif','.eJyF0slugzAUBdBfibyOwLNNlt33C0qFPDwSWoYIwyrKv9cOqdpCokpIF3iXAzK-oMrM06maA4xV49EBSbT_fc8a9wl9GvgP0x-HzA39NDY2S5XsPg3Z6-Chfbl3_wAnE07xaeZrV1tthVKCWGUEwwZTqcFwbjHRGBNGYgE8VnVBFCGW4cJzT3A8iE1oB_0covV2KVFvOijRYVeispyVYCKGsALHkNTcrjg3JdrHxjy2SzWHbgQ3jD4_m6mBfsqXAjQ-FUj8iOt-t9FrZmIUUqkY2jqZdErtWm-6Y4BjDHOEjUz_lQXFSVZOPZJda0L4OVnz7AEvpUq8JDLxUtgiheZ6zZ-nBf3ONc4f4NoaviwHuS22dglnWqdQnK3fkXZEnnbERhfX9_h3Q9OdW5ibimLKcYEZOkzjDNsBfzYQzwby2aBYBtcvfnLs7g:1snZcu:JdMq5VxW6hIbbqQrQNfypJldB2EE-1x2Yxdrwf_nTps','2024-09-23 16:20:00.419350'),('78mx72lpcgo531cntw3ijg576p8c26h4','.eJyF0slugzAUBdBfibyOwLNNlt33C0qFngcILUOEYRXl32uHVG0hUiWkC7zLARlfUQXLfK6W4KeqdeiEJDr-vmfAfvohDdwHDM2Y2XGYp9ZkqZI9piF7HZ3vXh7dP8AZwjk-zVxta6ONUEoQo0AwDJhK7YFzg4nGmDASC95hVRdEEWIYLhx3BMeDmIT2flhCtN6uJRqg9yU6HUpUlosSTMQQRuAYksL9inMo0TE2lqlbq7nvJ2_HyeUXmFs_zPla8K1LBRI_4nY87PSaQYxCKhVDGyuTTqnZ6m3fBN_EgMbvZPqvLChOsrLqmWw7COHnZMuzJ7yUKvGSyMRLYYoUmustf5lX9Du3OH-CawN8XQ5yX2xtE860TqE4274j7Yg87YidLm7v8e-Gtr90fmkriinHBWHoNE-L3w_4Orh9AXqW1ZY:1spOV7:Pk-LmnbVxSbalrTGNr6QnQIxKZEGVFEbub6pq1Dtv5c','2024-09-28 16:51:29.495370'),('7mzezs666m7tpi69jplp65ppd8ws2guh','.eJzFVk1v2zAM_SuFz3UqWZKl9Lj7jjstRUB92PHqj0CysUOR_z7JzuDNkds0LVAgCA3xmRTfIy29JHsY-sN-cMbuK508Jnly_--aBPVs2uDQv6Atu43q2t5WchMgm7PXbb532tTfztj_AhzAHfzbRBeqkEIyzhmWHBhBgLJcGKBUIiwQwgR7gNGIF1vMMZYEbTXVGPkfliFoY9rB-Vg_X3ZJC43ZJY93u2S3G1jBcTBIFcFksPUmz6jcJfceUfk9T9gC3F0BqfIvW0it6W03QZqwfxdAF8FFIdgcVUgFITgDvRL8tzWtOkzOwdaT76FqSlWDc_PDhACtf7wC8u4zUFoDWtmhkfFtfoyD0_3dZ9V9egpuU-ngxQhlywUcSZbnfAyPc-4NZyqkzgUVK8lk1z2n3dG0b8p3jkWNhLEalIdFxdd46aF0S_GO_aTGXxuRbgm5XrgPlB4h8rZylxLR5QJZ10ygQodUEkL_8Yzyy1R27LgD2D6VYN_UjOWF-aeXt4iGyNTXshK5sqo2kZFzpvQGSrMybbP_3XrdUnaExFtLXQqULxdYtDnIONKSoblVGBFrycIH_E2xaEHD1rd5ngV2DJqCMvYusUxjjeqsfjhCX5m2jwl2gbletNsqj1B4a7VLeUSsFwiRY0sQvDKtYVtpo1fJa_yfsa9yd4Z8AXXvKG_J1na5wGMHlgQ6nVTjQUiFCgoRIYLhlKwkdYfK1DqFur_iLMnGYBlZG_Z5YmZ1wl3oIThiuszO6xX5hEKjH4friltIgWPHOTeKvqKxS1VXRmkqbTccV3mavF9O1FXFLWlaXoMwOj35S62rmmNthmqfoYz6OzBKHns7mEsHnhynP6eym9k:1rV5Zi:pvDlcsuEWwc7sps6PHSXMc_zmt2Tl7N69V_8mMXu56E','2024-02-14 16:04:02.985428'),('dbazt65zu71p1v72ud6rqtakoczrhj1i','.eJy9l99vmzAQx_-ViecmNWAb6OM2aerDpKrbnpYJ2eZIaPklfqybqv7v80HSBGJapjZ5OuE7ON_3Y_vMoxWKttmEbQ1VmETWlcWti8MxKdQ95OiI7kS-LpaqyJsqkUsMWW699fJrEUH6cRs7-MBG1Bt8mznS9ZnHA5tQDoRxz-FRHDiEugzcwPfAtSmhXgQBMKKUIp4iVACPSKQf8aMZ5G2tv_XzcWXlIoOVdfVhZa1WrSeFjSZmaLivCJqISm1oDN0g4fHKutDxoizDVEhI-9chq0AVVbR3ttXWdbnzXfZOXUqYFVGbQlhCldUY1VQtoC9DAbqRqdlxKZlpPoW8A9WE-1duRJNA3vTe50T6qyKKDlOqjQYChyN6CtAMRn4n8LB7fsIBQ3Fln29bpE5iUmAXpN3bQPx0WOTpXwyNRVp3CSHp5mgT4uh8R1LErtAm4J6njS8lgmIxYy9LcXtA6HyCDNi_LMv2ab447tOv4YA9Qy3FUS3HkX2ORG_FPjYWlU6y0PVXzUKKyrjQk2xdw9q0zHvP2xY54zGgISpGExCKBVDCJ8heZwJRnZbotrAEcxk5DgLm02NjevRVeswhSM9Tnpyio1JR1xN8Ot97EvJjn3XTEkG_qJAXZyI6Xls1rq2HCnK1mYS5_rSf_El59kKMFDmCOoqaT9YzgOTMR4K6Yan3Fu47_GnOq1yjM86Qbh82Xzt_vCv4q7tCN0Poj4sp-ZqiSGvjjokgRjErKEVSmbbNIOCNLXy4l7FhaWPzqb71uUt9ncfFqcEOi-yfEp3XiHcyeDZkmxiYHlLUBmLRtSsBE-rcdvm_tes11E2CwM-pUW_q5-wzlDp6Zb5e9nhTBKYThnsoGbd5d9AwGXTXWOpPbApZFPeLooTcuDHKZrKTlM07NJL_xX1zniNuV1v5wvk2jpnPcXxhs03XWy0C7W9qeMVn1MeGwV3f79oHdSdw4n_SQt8jjTTxT8qEEsffeKgxp5uY43oT5H7oiZ0aW1cHKmAEtvfOR8VMbQcUnSjyS1W05VmqXGOm6TJ79_w6-XhJ0qdf1tM_IJEPmg:1u0whC:zDUUN481aNNNwmMzG2NcMoaA9Zm2-yDDHI6AquyMS_U','2025-04-19 14:07:58.093254'),('dkup0tivzbiohsd1kjf4o0mn8ate8zgt','.eJy9l99vmzAQx_-ViecmNWAb6OM2aerDpKrbnpYJ2eZIaPklfqybqv7v80HSBGJapjZ5OuE7ON_3Y_vMoxWKttmEbQ1VmETWlcWti8MxKdQ95OiI7kS-LpaqyJsqkUsMWW699fJrEUH6cRs7-MBG1Bt8mznS9ZnHA5tQDoRxz-FRHDiEugzcwPfAtSmhXgQBMKKUIp4iVACPSKQf8aMZ5G2tv_XzcWXlIoOVdfVhZa1WrSeFjSZmaLivCJqISm1oDN0g4fHKutDxoizDVEhI-9chq0AVVbR3ttXWdbnzXfZOXUqYFVGbQlhCldUY1VQtoC9DAbqRqdlxKZlpPoW8A9WE-1duRJNA3vTe50T6qyKKDlOqjQYChyN6CtAMRn4n8LB7fsIBQ3Fln29bpE5iUmAXpN3bQPx0WOTpXwyNRVp3CSHp5mgT4uh8R1LErtAm4J6njS8lgmIxYy9LcXtA6HyCDNi_LMv2ab447tOv4YA9Qy3FUS3HkX2ORG_FPjYWlU6y0PVXzUKKyrjQk2xdw9q0zHvP2xY54zGgISpGExCKBVDCJ8heZwJRnZbotrAEcxk5DgLm02NjevRVeswhSM9Tnpyio1JR1xN8Ot97EvJjn3XTEkG_qJAXZyI6Xls1rq2HCnK1mYS5_rSf_El59kKMFDmCOoqaT9YzgOTMR4K6Yan3Fu47_GnOq1yjM86Qbh82Xzt_vCv4q7tCN0Poj4sp-ZqiSGvjjokgRjErKEVSmbbNIOCNLXy4l7FhaWPzqb71uUt9ncfFqcEOi-yfEp3XiHcyeDZkmxiYHlLUBmLRtSsBE-rcdvm_tes11E2CwM-pUW_q5-wzlDp6Zb5e9nhTBKYThnsoGbd5d9AwGXTXWOpPbApZFPeLooTcuDHKZrKTlM07NJL_xX1zniNuV1v5wvk2jpnPcXxhs03XWy0C7W9qeMVn1MeGwV3f79oHdSdw4n_SQt8jjTTxT8qEEsffeKgxp5uY43oT5H7oiZ0aW1cHKmAEtvfOR8VMbQcUnSjyS1W05VmqXGOm6TJ79_w6-XhJ0qdf1tM_IJEPmg:1u2Tn6:TDm3Adb1rrlyRHz86lSlKRdlsWu5MM4hErs0u8iJX2k','2025-04-23 19:40:24.810263'),('hlvtqccvpq2y5r8vvsvyakttzsxy02fw','.eJzFVk1v4yAQ_SuRz3UKBgzuce973NOmiviy49YfEdjaQ5X_vmBn5S7FbZJWqhRlIublDfPeYPyS7Pk4HPaj1WZfq-QhyZO712uCy2fd-YR64l3Vb2XfDaYWWw_ZnrN2-7NXuvlxxv5HcOD24P6NVClLwQShlEBBOUGAgyxnmmMsAGQAQAQdQCtAywJSCAUChcIKAveBwpO2uhut4_r9sks63upd8rDZJbvdSEoKfQCy9CHjhQt5hsUuuXOI2u15xpbcbkqeSvdnw1OjB9PPkNbv33rQG3JWMrKwMiG5JydcrZD_MbqThzk5mmbO3ddtJRtu7fJjRnClfr0DcukzUBjNlTRjK-Lb_JwGp7vNV_V9evRpXSufhQBk4QKMFMtzOtHDnLpAifSlc4bZSjHR989pf9Tdh_adubAWfOoG5H5R0jVdBl7Z0LzjMLvxL0asCyGXG_eJ1iNC3tZuaBEOF9C6ZwyUypcS3M8fzTB9W8pME3fgZkgFNx96RvJSv5rlAmDPjF0vK8y1kY2OHDmrKxd4pVdO25K_2q9b2o6IeGuroUF5uECiw4GmIy0IWEaFILZWzD_APzQLl9hvvcjzzKujwUxKyFVm6dZo2Rt1f-RDrbshZtgbzOWm3dZ5RMJbuw3tYbFZQEhMI4Hgymn120pbtSpe6760eVe7M-QbpLuivVCtIlygsQtLcDzfVNNFiJn0DiHGfKAYrRS1h1o3KuXNcMFdkk1kGVo77MuJWdzx70L3PhHzZUle7sgXNBp9OFzWXGAFjF3nVEv8jsc2lX0Vlaky_Xhc1WnOfrtQFzUXyhS-BkFwenQvtbZuj40e630GMgyKLEseBjPq01_OxZQk:1ssGwF:p_wF-4jk7sLFeDAHt4glbevPyy2qAdstbpNJQFMm6YE','2024-10-06 15:23:23.966283'),('jbg6hccvktjc1uewgfuiqsjgt5csvhl7','.eJzFV0tv2zAM_iuDz00q25Js97gNG3YYMOxxWopADzpx6xf8WDcU-e8T7aRJHLn10DY7ESYpkfw-UpLvnaVom_WyraFaJtq5crhzcaiTQt1CjgZ9I_JVMVdF3lSJnKPLfGut558LDenbre_RBmtRr3E186QfsoBHLqEcCOOBx3UceYT6DPwoDMB3KaGBhggYUUqRQBEqgGuizSdumkHe1mavn_cLJxcZLJyrNwtnsWgDKVwUMUPBQ0VQaCqNoDF0SsLjhXNh_EVZLlMhIe2XQ1aBKiq9N7bV1nS5s132RlPKMit0m8KyhCqr0aupWkBbhgB0mrHsuJTMlk8hb0A1y_2SL6JJIG9660Mgs6vQ-jCkWhtC4FBjUoDmSPMrgbvd9wYVluLKPt62SBPEhsDOyZi3jrj1ssjTP-gai7TuAkLS5egS4pl4J1DEvjAi4kFgRCglEsVixh6H4usBQ-cD5Ij7x2HZfk0Hx99cHyvcCWgpjmh5nuxjJGYUe99YVCbIzNRfNTMpKmujJ9mqhpWtzXvL85qc8RhQEBWjiAjFAijhI8x-ygRS9bqMbgtLMJaVxyOH6eyxIXv0SfaYR5C9QAVyjB2Viroe4aezvSRDYRyyLi0R9U2FfHEm9Glv1dhbdxXkaj1K5urdPvlX5bMHYoDICakDr-nMBhYiOQuRQXNhqZcG7jv8bs6LXGMiToBu7zYdu3A4FfzJqTCXIfTHxRh8TVGktXViNMQIZgWlSCrb2Bw5PPMKB-13LRB2bBMvGJRip_eb2Vo1bSXS910ur83yccX1Q_Reb2X8iSWT2XeJhWzmRd1ZQ2L9L7B9aHPVJEX-f2CLH6JPhu1kyXTY3OHQRLYTiAcIGXd5dxAxGXXPXBqODI0sittZUUJuHZyyGb1pyuYFLprDoTYCYtG9XgSMPfLOcwTuaisfOf-GPtN5HD7oXNvz14BA-5cc_gIwGuKFwv0w7M4W6o_Qif9RM_POtLKJf1o2KlH_zEOPeV1inj82qD9MYq9NW1cHImAlbG-dThWzXUug6EiRH6uiLc9S5QojjZfZm6fXyYctSTfXzuYvqNEaZw:1tzGCU:9LZXjK_fANYNMcxI-riuRug5ZzLGs-sLjA3FGlYBaYA','2025-04-14 22:33:18.283661'),('k61db84m2d8xo6xpjpad1j6km6njw2ry','.eJzFVk1v4yAQ_SuVz3UKBgzuce973NOmiviy49YfEdjaQ5X_vmBn5S7BbZJWqhRlIublDfPeYPya7Pg47Hej1WZXq-QxyZP7t2uCyxfd-YR65l3Vb2TfDaYWGw_ZnLJ287NXuvlxwv5HsOd27_6NVClLwQShlEBBOUGAgyxnmmMsAGQAQAQdQCtAywJSCAUChcIKAveBwpO2uhut4_r9uk063upt8ni3TbbbkZQU-gBk6UPGCxfyDIttcu8QtdvzjC25vSt5Kt2fDU-NHkw_Q1q_f-tBZ-SsZGRhZUJyT064WiH_Y3Qn93NyNM2ce6jbSjbc2uXHjOBK_XoH5NInoDCaK2nGVsS3-TkNjvd3X9X38cmnda18FgKQhQswUizP6UQPc-oCJdKXzhlmK8VE37-k_UF3H9p34sJa8KkbkPtFSdd0GXhlQ_MOw-zGvxixLoRcbtwnWo8IeVu7oUU4XEDrnjFQKl9KcD9_NMP0vJSZJm7PzZAKbj70jOSlfjPLBcCeGbteVphrIxsdOXJWVy7wSq-ctiV_tV-3tB0R8dZWQ4PycIFEhwNNR1oQsIwKQWytmH-Af2gWLrHfepHnmVdHg5mUkKvM0q3Rsjfq4cCHWndDzLAzzOWm3dZ5RMJbuw3tYbFZQEhMI4Hgymn120pbtSpe6760eVe7E-QbpLuivVCtIlygsQtLcDzfVNNFiJn0DiHGfKAYrRS1-1o3KuXNcMFdkk1kGVo77MuJWdzx70IPPhHzZUle7sgXNBp9OFzWXGAFjF3nVEv8jsc2lX0Vlaky_XhY1WnOfrtQFzUXyhS-BkFwfHIvtbZuD40e610GMgwySJPHwYz6PFHMieNfqLCb5g:1rbsmt:ePI_IipLah4Duwjgj8Q58pJmny7UsZ2_CSL0RxgLFNc','2024-03-04 09:49:43.883005'),('k6prmqjni7yyochq6lvkzune83dm2pma','.eJzFWEtv2zAM_iuDz33ID8l2j9uwoYcBRbedlsKQZSpxm9iGH-uGov99opw2sSM3KtpkJ8IiJZLfR0ZUHpyEd-0i6RqokzxzLhzmnGyvpVzcQYGK7JYX8_JMlEVb5-kZmpyttc3ZtzKD5ce17eCABW8WuJt6qR_RkMUuCRgQykKPZTL2SOBT8OMoBN8NSBBmEAMlQggSChJwYBnJ1CceuoKia9RZvx5mTsFXMHMuPsyc2awLU-6ikBQFiwRBkQWpEoEEvUiYnDknyp5XVbLkKSz77bCqQZR1tlF29Vp1_qQ775UqlWRVZt0SkgrqVYNWbd0B6lYIgF6Zio6lKTXFU6a3INpks-WKtzkUba99dqRO5Vm27VIsFCGwvaJCgHaw8juH-6fvR1wwJFf1_tZJKicmBJ6MlHptiEcnZbH8i6aSLxvtEHIdo0uIp_ztQCF9rkTMwlCJKE2RKCopfRmK6y2GjgfIgPuXYVl_2YPjP94MF1wLtARDtDwv7X3kqhV7W8lr5eRU5V-3pymvjYWer-YNzE1l3mveVuSUSUBBhEQRkwATCAibYPZyxZGqwzK6TixHX0YeBwb27NExe8Fe9qhHkL1QhOkUO2LJm2aCH617T4YiGVEdFo_7okK-GOXZbm01WFv3NRRiMUnm_NMm-IPy2QMxQmSH1JGVPbOhgUhGI2RQXVjivYH7AX_a4yLXKo8W0G3M7LGLxl3BTF0Bma_BjDRuxAt3WkXdkND_hkxh2pblsjG2UQYSEa6h4nlt6qWBwRvv9WGD4y2mhMumLrPP2vVlIctDsz1Msv_KlV8j55PG1sy7xED0NotKgOT6DuMwgc619v-9m8-haXMk_JgY9aJ59m6B1M4We7zccafEBgCpF-sfaiKzQ3SK7AqR7G2XXas3XkL7k9rfSF9UUJs6PXShGCCQgwCMtbJ_l325-LbV8dqeQyDHZfyf4LRqQNu99tAGo050Ta8WxkIEkrlMzwE0jfUrM4gmmi4ty7vTsoLC2HhVOznoVe07zHmvLYKr40wgT7lVL4wfYxt7HtmYR2rgUYEQ9A8pfIHTIMJ5jvlRpAeSwJ-gE__GOFXPPCOb-EeHiUpcf-N4QT0dmOeHE8z9VIEdmjadByJgJGyjtacqMk6FIphI8mtddtVRspyjp-k0e7V9nvG4JMPHG-fxHyc_QkM:1uDQCL:lgUoElW2vC5RUJKJqU1QboN-E7mVbARWsqWk_VoUvVg','2025-05-24 00:03:41.422737'),('kde34pwrm4pz0chdhmuin3cidm864wxi','.eJzFVk1vozAQ_SsV55La2MZOj3vf4542VTT-gNDyEdmgPVT572tDVnSpadO0UqUoE3le3njeG2Oekz0M_WE_OGP3lU7ukzy5fbkmQT2ZNiT0I7Rlt1Fd29tKbgJkc866zc9Om_rHGfsfwQHcwf-b6EIVUkjGOcOSAyMIUJYLA5RKhAVCmGAPMBrxYos5xpKgraYaI__BMpA2ph2c5_r9vEtaaMwuub_ZJbvdwAqOQ0CqCCGDrQ95RuUuufWIyu95whbgbgpIlf-zhdSa3nYTpAn7dwH0ilwUgs2sQioI5Az0Cvkfa1p1mJKDrafcXdWUqgbn5h8TArT-9QbIp89AaQ1oZYdGxrf5OQ1Otzdf1ffpIaRNpUMWI5QtF3CkWJ7zkR7n3AfOVCidCypWismue0q7o2nfte_MRY2EsRuUh0XF13TpoXRL84795Ma_GLFuCbncuE-0HhHyunaXFtHlAln3TKBCh1ISwvzxjPLXpew4cQewfSrBvusZywvzYpa3iAZm6ntZYa6sqk3kyDlT-gClWTltc_7Dfl3TdkTEa1tdGpQvF1h0OMh4pCVD86gwItaKhQf4u2bRgoatb_M8C-oYNJEy9iGzTGON6qy-O0JfmbaPGfYKc7lp13UekfDabpf2iNgsECLHkSB45bSGbaWNXhWv8V_GvqndGfIN0n2gvaVa2-UCj11YEuh0U40XIRUqOESECIFTslLUHSpT6xTq_oK7JBvJMrJ22OcTM7sT3oXuQiLmy5y83JEvaDT6cLisuYUVOHadc6PoGx67VHVlVKbSdsNxVacp--1CXdTcUqblaxBGpwf_Uuuq5libodpnKKOII5rc93Ywp7_Or5Qi:1sPBcZ:V6fTL2M8NVoXKC_bfX1Kiee2l08vs8ibdK5WoYuXJzA','2024-07-18 09:50:51.034258'),('p0jr2hmslvgockdrx8qbqrff55rejn6b','.eJy9l99vmzAQx_-ViecmNWAb6OM2aerDpKrbnpYJ2eZIaPklfqybqv7v80HSBGJapjZ5OuE7ON_3Y_vMoxWKttmEbQ1VmETWlcWti8MxKdQ95OiI7kS-LpaqyJsqkUsMWW699fJrEUH6cRs7-MBG1Bt8mznS9ZnHA5tQDoRxz-FRHDiEugzcwPfAtSmhXgQBMKKUIp4iVACPSKQf8aMZ5G2tv_XzcWXlIoOVdfVhZa1WrSeFjSZmaLivCJqISm1oDN0g4fHKutDxoizDVEhI-9chq0AVVbR3ttXWdbnzXfZOXUqYFVGbQlhCldUY1VQtoC9DAbqRqdlxKZlpPoW8A9WE-1duRJNA3vTe50T6qyKKDlOqjQYChyN6CtAMRn4n8LB7fsIBQ3Fln29bpE5iUmAXpN3bQPx0WOTpXwyNRVp3CSHp5mgT4uh8R1LErtAm4J6njS8lgmIxYy9LcXtA6HyCDNi_LMv2ab447tOv4YA9Qy3FUS3HkX2ORG_FPjYWlU6y0PVXzUKKyrjQk2xdw9q0zHvP2xY54zGgISpGExCKBVDCJ8heZwJRnZbotrAEcxk5DgLm02NjevRVeswhSM9Tnpyio1JR1xN8Ot97EvJjn3XTEkG_qJAXZyI6Xls1rq2HCnK1mYS5_rSf_El59kKMFDmCOoqaT9YzgOTMR4K6Yan3Fu47_GnOq1yjM86Qbh82Xzt_vCv4q7tCN0Poj4sp-ZqiSGvjjokgRjErKEVSmbbNIOCNLXy4l7FhaWPzqb71uUt9ncfFqcEOi-yfEp3XiHcyeDZkmxiYHlLUBmLRtSsBE-rcdvm_tes11E2CwM-pUW_q5-wzlDp6Zb5e9nhTBKYThnsoGbd5d9AwGXTXWOpPbApZFPeLooTcuDHKZrKTlM07NJL_xX1zniNuV1v5wvk2jpnPcXxhs03XWy0C7W9qeMVn1MeGwV3f79oHdSdw4n_SQt8jjTTxT8qEEsffeKgxp5uY43oT5H7oiZ0aW1cHKmAEtvfOR8VMbQcUnSjyS1W05VmqXGOm6TJ79_w6-XhJ0qdf1tM_IJEPmg:1u7DOY:HFAQfvAaa7d6-T94zDmaCae_Ja_35q3ZpzOjs2XKsJk','2025-05-06 21:10:38.802605'),('pxgznxwoyfjdt29fjftpjoelsiav6ccw','.eJzFl02P2jAQhv8KypkPO7YTh2N76mEvVStVKivkr0BaAshJDtWK_15Pwna7XkPYBRQJYZF3eGfmmdhKnqKlaOr1sqmMXRY6mkdJNP7_mhTqt9mCoH-J7Wo3VbttbQs5hZDpUa2mDzttNp-Osa8M1qJau38TnatccsnSlGGZCkaQQHHCjaBUIswRwgS7AKNRmmc4xVgSlGmqMXIfLMG0NNumcl4_nxbRVpRmEc1Hi2ixaBJGjFuYQhR-cYXckgmuFtHYRRSu5i42F3aUi4laC1tPpLCdXkLxFUS8dv78DUyTvPVGKocla1OkFCWnvAurNqYTG7vptFlRriqzcotYmVknCq2_h3WnHGOkNUIr25QyUN51jR_Go9s1e3gE2RQaVIxQ7Ls_fP1yF5a4DyYehuZ1_fo4iW__Y2LFn7sAJX1AyTBAr-3YR0r9BOCGOQM3IWDJGFN3Qcz6ELNhEN-agI-cBRKmiQBvjgS9J_K4D3k8GPKbEvCRJ4GEXLczZjxHd2FN-1jTwVjfpnUfcupfwKExMwWpE9QtGY-hntwVEk4Gz07nn06gZkJk2wjBb22qZ5tJqf15mdIatbN6VrovY0MT80Mun9nHWg2dRpe3548gC9hlzHCoRCoBdRnU3guEsXfd6v-47EVdmG19lt1zzADwPtqtRxIjHy0PbSzZnl4uGYYslMMhlhAOFSQpJSfGV60Ls9ETsal7b_WUxa1ZTNLeHfMyLHgNmYEQmtKLePl4btBo8HC4rDl_Nm8es8HLKHpmt1QTtVsFMa3srtmf5NSpg4O6qDkfE_Ev4MOje5-sinK_MU2xjFFMEY1ZNK9tYw5_AYAdpeo:1rzvQB:4U1Y3pJ3yx9o5o0vXsCMN9Hd_aF4sbA5_JYTXmX5FMs','2024-05-09 17:29:39.486116'),('q4z9glulm83ddis7ufcghp9n0blyihh6','.eJy9lkuPmzAQx79KxbnJ2uAH7LE9VD1Uqir11KyQDUPCLi_x6Kpa5bvXA6QJBG-Rol0p0ijzHzyPn7F5cULVtYewa6AO09i5d4Tz8dKnVfQEBQrxoyr25TYqi7ZO9RZDtqPabL-VMWSfxtjJAgfVHMzTXpxEifY1l5JTLRX3iCKu8EExpgn1CaEeNQEQE5kEVFKqPRLELKbE_KjGRXMousas9etl5xQqh51z_2Hn7Had1IqiSTga4UcETcy0MSyB3klEsnM-mnhVVWGmNGTD45DXEJV1fBa7epTuTtrdIJpWwryMuwzCCuq8wai27gC1HAfQe2zVCa35Uj2lfoSoDc-PfFdtCkU7qP8SmVVVHF-mjA4GCFx6TAnQTjy_U3g-_T-iY6G5asg3NmmSLE3gFGTkMRCXDssi-4OhicqaPiGkfY2UENfkuxpF4iljAiGlMb7WCIonnL8-ih8XhN5vIBP2r49l_Ld-ON7xYeqgK6YVCZyW6-ohR2pexSE2UbVJsjH91-1Gq3pxo6f5voH90jYflNs2ORcJoCFRgiYgDBtgRFjIfs0VonpbomNjKeZa5DgJWE-Pz-mx_9LjLkF6MpLaRifKVNNY-PTabYT8xOd9ISoYthESElzF17upwd30XEMRHaz49p_P5b4pwaH12QyuMM6i1rOUc5ZigaUQElkKKmQ_NB309wzzLbPTZfm0KSsoFllXrRX1KN1G2lwxMLyEMRpIVH98KLCdsu27sDz1Nu1xSnIes55jMOfoL3A0Q2DDUYp3MGd-hBw930cjmWfBiR8yG3PQL9LET50llOi_8cOBu31hrict5H6awt4aW98HTmAR2FldjYou3nUQMUuTX-qyq96lyz1msrc5yOv7dGdbkpLjg_mObdK8yqBLQ5e4jBKXOPd9gVcCtQmuTeA2QdgEf1mghNmEwCLQsY_jX6eT6as:1t9wGH:YxJi5sn_NIDAkuEl-El_HFPneMV5ocNjjgzLrNB7pRQ','2024-11-24 08:57:05.102213'),('rketc124vglxqxdi17uiew0sn87q4lql','.eJyF0slugzAUBdBfibyOwLNNlt33C0qFngcILUOEYRXl32uHVG0hUiWkC7zLARlfUQXLfK6W4KeqdeiEJDr-vmfAfvohDdwHDM2Y2XGYp9ZkqZI9piF7HZ3vXh7dP8AZwjk-zVxta6ONUEoQo0AwDJhK7YFzg4nGmDASC95hVRdEEWIYLhx3BMeDmIT2flhCtN6uJRqg9yU6HUpUlosSTMQQRuAYksL9inMo0TE2lqlbq7nvJ2_HyeUXmFs_zPla8K1LBRI_4nY87PSaQYxCKhVDGyuTTqnZ6m3fBN_EgMbvZPqvLChOsrLqmWw7COHnZMuzJ7yUKvGSyMRLYYoUmustf5lX9Du3OH-CawN8XQ5yX2xtE860TqE4274j7Yg87YidLm7v8e-Gtr90fmkriinHBSXoNE-L3w_oOrh9AXpv1ZQ:1ssH4B:qVctRxRaZKZuFh7LV-JzAvndpjSeBkHLWqedpKzBfPA','2024-10-06 15:31:35.168291'),('ui3ocb5mvhslzyvve6ttgl9smp2ikhuz','.eJy9lktvnDAQgP9Kxbm7scEPyLE9VD1Uqir11I2Qjce7JLzEo1EV5b_XA2x3IZCutEokpBEzg-fxDbafvFh17SHuGqjj1Hi3nvA-nuu0Sh6gQIO5V8W-3CZl0dap3qLLdrQ222-lgezT6DtZ4KCag_s6MDaxOtRcSk61VDwgivgiBMWYJjQkhAbUOYAh0kZUUqoDEhlmKHEP1bhoDkXXuLV-Pe28QuWw824_7LzdrpNaURSWoxBhQlAYpp1gFnolEXbnfXT-qqriTGnIhs8hryEpa3MydvVoujnabgajKyXOS9NlEFdQ5w16tXUHaMuxAb1mLTuhNV_Kp9T3kLTx6ZPvqk2haAfrv0BuVWXMecjk4IDAucalAO1E8zuFx-P7MyoWiquGeGORLshSB45Ozjw64tJxWWR_0NWqrOkDQtrnSAnxXbwXrbCBciISUjoRao2guOX89Vb8OCP0fg2ZsH-9LePb5c0Jnu-mCnpBtxKB3fJ9PcRI3a84-FpVuyAbV3_dbrSqFwc9zfcN7JfGfLBcN-RcWEBBEosiIgwLYESskP2aK0T1tkTHwlKMtchx4nA5PT6nx_5Lj_sE6clE6jU6SaaaZoVPb7uOUGhD3ieiomGMkJDgyrycpgan6bGGIjms4tt_PqX7pgSH0mc9eIFx5nU5SzlnKRZYCiGRpaBC9k3TUX_OsHCld7osHzZlBcUi66pdRT2ariPtjhgYfkKDAqzqtw8Fa7ts-y4sj7VNa5ySnPtczjGacwwXOLomsGErxTOYszBBjkEYopAsWMGJF5mN2-gXaeJVZwkl6q-8OHC_T8wP5Aq5ny6xt8bW14EdWAR2sl6Mii6edZCwlSK_1GVXvUuVe4y0XuZgvrxOfzaSlDzfuXtsk-ZVBl0a-8Rn1Ke-d9sn9BdCqaut:1tLcGg:pdda9HPPu87eCCHVoFnKTeZDZIfnwy676ymsEQbYsNk','2024-12-26 14:01:46.186934'),('vdcznge84yo3sbhxfd7a81709m0x3263','.eJzFWEtv2zAM_iuDz33ID8l2j9uwoYcBRbedlsKQZSpxm9iGH-uGov99opw2sSM3KtpkJ8IiJZLfR0ZUHpyEd-0i6RqokzxzLhzmnGyvpVzcQYGK7JYX8_JMlEVb5-kZmpyttc3ZtzKD5ce17eCABW8WuJt6qR_RkMUuCRgQykKPZTL2SOBT8OMoBN8NSBBmEAMlQggSChJwYBnJ1CceuoKia9RZvx5mTsFXMHMuPsyc2awLU-6ikBQFiwRBkQWpEoEEvUiYnDknyp5XVbLkKSz77bCqQZR1tlF29Vp1_qQ775UqlWRVZt0SkgrqVYNWbd0B6lYIgF6Zio6lKTXFU6a3INpks-WKtzkUba99dqRO5Vm27VIsFCGwvaJCgHaw8juH-6fvR1wwJFf1_tZJKicmBJ6MlHptiEcnZbH8i6aSLxvtEHIdo0uIp_ztQCF9rkTMwlCJKE2RKCopfRmK6y2GjgfIgPuXYVl_2YPjP94MF1wLtARDtDwv7X3kqhV7W8lr5eRU5V-3pymvjYWer-YNzE1l3mveVuSUSUBBhEQRkwATCAibYPZyxZGqwzK6TixHX0YeBwb27NExe8Fe9qhHkL1QhOkUO2LJm2aCH617T4YiGVEdFo_7okK-GOXZbm01WFv3NRRiMUnm_NMm-IPy2QMxQmSH1JGVPbOhgUhGI2RQXVjivYH7AX_a4yLXKo8W0G3M7LGLxl3BTF0Bma_BjDRuxAt3WkXdkND_hkxh2pblsjG2UQYSEa6h4nlt6qWBwRvv9WGD4y2mhMumLrPP2vVlIctDsz1Msv_KlV8j55PG1sy7xED0NotKgOT6DuMwgc619v-9m8-haXMk_JgY9aJ59m6B1M4We7zccafEBgCpF-sfaiKzQ3SK7AqR7G2XXas3XkL7k9rfSF9UUJs6PXShGCCQgwCMtbJ_l325-LbV8dqeQyDHZfyf4LRqQNu99tAGo050Ta8WxkIEkrlMzwE0jfUrM4gmmi4ty7vTsoLC2HhVOznoVe07zHmvLYKr40wgT7lVL4wfYxt7HtmYR2rgUYEQ9A8pfIHTIMJ5jvlRpAeSwJ-gE__GOFXPPCOb-EeHiUpcf-N4QT0dmOeHE8z9VIEdmjadByJgJGyjtacqMk6FIphI8mtddtVRspyjp-k0e7V9nvG4JMPHG-fxHyc_QkM:1uKGo9:Hn1bB0pkUpzAyWMNWXLyFjQAJPYjjFQM-S3Ttat3B2E','2025-06-11 21:27:01.281008'),('vslpmuk3uecpzunu3tgq10kg48307tz2','.eJy9lktv2zAMx7_K4POSSrYl2T1uh2GHAcOAnZbC0INK3PoFP1YMRb_7RNtZYtfuAgQtEIAISYvk_ydLfvIS2bWHpGugTlLj3Xrc-3juU1I_QIEBcy-LfbnVZdHWqdpiynaMNttvpYHs05g7WeAgm4N7OjBWWxUpJgSjSkgWEEl8HoEMQ0VoRAgNqEsAQ4SNqaBUBSQ2oaHE_ajCRXMousat9etp5xUyh513-2Hn7XadUJKisQwNjzRBY0LlTGihdxJud95Hly-rKsmkgmx4HPIadFmbU7Crx9DNMXYzBN0oSV6aLoOkgjpvMKutO8BYjgL0nrXuuFJsqZ9S3YNuk9Mj32WbQtEO0X-F3KrSmPOS-uCAwLnHtQDtxPM7hcfj_2d0LAxXDfXGIV2RJQWOSS48JuLSSVlkfzDVyqzpC0La90gJ8V29F1LYQDoTcyGciZRCUMwy9roUP84IvZ8gE_avyzL-u1yc4Plu6qAXqKU5quX7aqiRuldxyLWydkU2bv663ShZL270NN83sF_a5kPkuk3OuAU0RFs0MQlxgJDwFbJfc4mo3pboOFiKtRY5ThIup8fm9ML_0mM-QXpCC7VGR2eyaVb49LHrCEU2Yn0jMh62ERLiTJqXu6nB3fRYQ6EPq_j2n0_tvinBYfSZBi8wzrIuZynmLPkCS84FsuSUi140Fff3TBitaKfK8mFTVlAssq7aVdRj6DrS7oqB4SU0aMDK_viQsHbKtu_C8jjbdMYpyXnO5RzjOcdogaMTIRyOUryDWRhp5BhEERoRBis48UNm4w76RZr4qbOEEv1Xfjgwv2_MD8QKuZ-usbfG1s-BCiwCO0UvRkUX7zrQ4cqQX-qyq95lyj1WWh9zCF8-pz_bkpQ837nv2CbNqwy6NPGJz5wavnfbN_QXQqCrrA:1tWwn2:xctj4xLjnjL_YtYp0Rrq4v4ZOz6plXaQmyOh4WzZHZo','2025-01-26 20:10:00.221429'),('w5w91x1j9eaoxiwza9ahfm1j4pnrtskr','.eJxVjMEOwiAQRP-FsyG7AqX16N1vILsslaqhSWlPxn-XJj1oMqd5b-atAm1rDltNS5hEXVSnTr8dU3ymsgN5ULnPOs5lXSbWu6IPWvVtlvS6Hu7fQaaa29rIGEfu2XnvkD05AwTnrk9kLQP2AGiwCUnAjwN6RDYwiBWEFmT1-QLf1jdK:1sViXA:JLtw0p2QZ_Pxa3A0TQDNgQ8oQbDPzPGXrRb5VpnA3P4','2024-08-05 10:12:16.416573'),('wp2rqfm0s01wrj28gf90a9bdzz05coji','.eJzFVk1vozAQ_SsV55La2MZOj3vf4542VTT-gNDyEdmgPVT572tDVnSpadO0UqUoE3le3njeG2Oekz0M_WE_OGP3lU7ukzy5fbkmQT2ZNiT0I7Rlt1Fd29tKbgJkc866zc9Om_rHGfsfwQHcwf-b6EIVUkjGOcOSAyMIUJYLA5RKhAVCmGAPMBrxYos5xpKgraYaI__BMpA2ph2c5_r9vEtaaMwuub_ZJbvdwAqOQ0CqCCGDrQ95RuUuufWIyu95whbgbgpIlf-zhdSa3nYTpAn7dwH0ilwUgs2sQioI5Az0Cvkfa1p1mJKDrafcXdWUqgbn5h8TArT-9QbIp89AaQ1oZYdGxrf5OQ1Otzdf1ffpIaRNpUMWI5QtF3CkWJ7zkR7n3AfOVCidCypWismue0q7o2nfte_MRY2EsRuUh0XF13TpoXRL84795Ma_GLFuCbncuE-0HhHyunaXFtHlAln3TKBCh1ISwvzxjPLXpew4cQewfSrBvusZywvzYpa3iAZm6ntZYa6sqk3kyDlT-gClWTltc_7Dfl3TdkTEa1tdGpQvF1h0OMh4pCVD86gwItaKhQf4u2bRgoatb_M8C-oYNJEy9iGzTGON6qy-O0JfmbaPGfYKc7lp13UekfDabpf2iNgsECLHkSB45bSGbaWNXhWv8V_GvqndGfIN0n2gvaVa2-UCj11YEuh0U40XIRUqOESECIFTslLUHSpT6xTq_oK7JBvJMrJ22OcTM7sT3oXuQiLmy5y83JEvaDT6cLisuYUVOHadc6PoGx67VHVlVKbSdsNxVacp--1CXdTcUqblaxBGpwf_Uuuq5libodpnKKOIE5Tc93Ywp7_OqpQh:1sYczJ:bU0qjyf4oBSXG3IapyawbuhmRgfpwJA_fgKt0bprkoo','2024-08-13 10:53:21.963186'),('yv9xwptyoj34emkwhwzsc3w65o4dj3wo','.eJy9l0tv2zAMx7_K4HOTSrYedo_bYdhhwDBsp6UwJJtK3PoFP9YNRb77RNtpEtfuDLQNEISISIvk_ydZyqMTqrbZhW0NVZjEzo0jnKvTMa2ie8jREd-pfFusoyJvqkSvMWQ9eOv11yKG9OMQezbBTtU7-7QXm8hoX3MpOdVScY8o4gofFGOaUJ8Q6lEbADGRJqCSUu2RIGYxJfZDNU6aQd7Wdq5fjxsnVxlsnJsPG2ezaaVWFI3haIQfETQx09YwA90gEWbjXNl4VZZhqjSk_eOQVRAVVXx0ttXguj74rnunbSXMirhNISyhymqMaqoW0JehAN3IXHVCaz5VT6HvIGrC4yPfVJNA3vTep0R2VhXHpymjnQUCpyO2BGjORn4n8HD4vceBiebKPt_QpE0ypcAhyLqHQJw6LPL0L4YaldZdQki6Gikhrs33TArjKWsCIaU1vtYIihvOX5bi-wmhywlyxv5lWYZfy8Xx9rfnA3SBWpFAtVxX9zkSuxX7WKMqm2Rl-6-alVbV5EJPsm0N26ll3ntet8i5MICGRAZNQBg2wIiYIfslU4jqfYkOjSWYa5LjWcByenxMj_2XHncJ0pOR1HN0olTV9QyfzveWhHzj864sFfSLCnkJruLna6vGtfVQQR7tZmFuPx2Lf1eevRAjRZ5BHUUtJysnQAruI0Eh3eithfsBf5rLKtfYjAukO4Yt184f7woxJaaQuCsEFZ2mXAfdic38Gfl0UdyvihLyyV1TNrObpmzeYM_Ywxr611mMBozqXsQK5s6ry9A89Fa-gHIcs5gjJWOOwQRHKwLrDyW8zXDm494Qnu93O4V5MzjxSriyR-YkTbw0TqHE8VdewbjbFeZ6cobcT1vYe2Pr-kAFJoEdvctRTd6xIGIzTX6uira8SJdbzDTfZu9e3uf4ukTp_tb-I6iTrEyhTUKXuBz_QDg3XYEjh_2ac7Desf8H3C0lAg:1tfH1C:KQNBpSoq8ZrohSEIo5SOH7ppGlzLbxrRdakWmAAaCAg','2025-02-18 19:23:02.227539');
/*!40000 ALTER TABLE `django_session` ENABLE KEYS */;
UNLOCK TABLES;

--
-- Table structure for table `emr_mo`
--

DROP TABLE IF EXISTS `emr_mo`;
/*!40101 SET @saved_cs_client     = @@character_set_client */;
 SET character_set_client = utf8mb4 ;
CREATE TABLE `emr_mo` (
  `id` bigint(20) NOT NULL AUTO_INCREMENT,
  `imgmo1` varchar(100) CHARACTER SET utf8 COLLATE utf8_bin DEFAULT NULL,
  `imgmo2` varchar(100) CHARACTER SET utf8 COLLATE utf8_bin DEFAULT NULL,
  `remarks` longtext CHARACTER SET utf8 COLLATE utf8_bin,
  `state` int(11) NOT NULL,
  `name` varchar(25) CHARACTER SET utf8 COLLATE utf8_bin NOT NULL,
  `pno` varchar(25) CHARACTER SET utf8 COLLATE utf8_bin NOT NULL,
  PRIMARY KEY (`id`) USING BTREE,
  UNIQUE KEY `emr_mo_pno_012f34ff_uniq` (`pno`) USING BTREE,
  KEY `emr_mo_name_id_472bdcde_fk_emr_pt_id` (`name`) USING BTREE
) ENGINE=InnoDB AUTO_INCREMENT=22 DEFAULT CHARSET=utf8 COLLATE=utf8_bin ROW_FORMAT=DYNAMIC;
/*!40101 SET character_set_client = @saved_cs_client */;

--
-- Dumping data for table `emr_mo`
--

LOCK TABLES `emr_mo` WRITE;
/*!40000 ALTER TABLE `emr_mo` DISABLE KEYS */;
INSERT INTO `emr_mo` VALUES (14,'static/morder/王秀芝临时医嘱_LbTIe33.png','static/morder/王秀芝长期医嘱_Hlx8HRD.png','暂无',0,'刘海乔','1102'),(21,'static/morder/王秀芝临时医嘱_qaGrlcC.png','static/morder/王秀芝长期医嘱_nsFKePq.png','暂无',0,'王秀芝','1101');
/*!40000 ALTER TABLE `emr_mo` ENABLE KEYS */;
UNLOCK TABLES;

--
-- Table structure for table `emr_pt`
--

DROP TABLE IF EXISTS `emr_pt`;
/*!40101 SET @saved_cs_client     = @@character_set_client */;
 SET character_set_client = utf8mb4 ;
CREATE TABLE `emr_pt` (
  `id` bigint(20) NOT NULL AUTO_INCREMENT,
  `name` varchar(25) CHARACTER SET utf8 COLLATE utf8_bin NOT NULL,
  `gender` int(11) NOT NULL,
  `age` int(11) NOT NULL,
  `pno` varchar(25) CHARACTER SET utf8 COLLATE utf8_bin NOT NULL,
  `admission_diagnosis` longtext CHARACTER SET utf8 COLLATE utf8_bin,
  `aided_examination` longtext CHARACTER SET utf8 COLLATE utf8_bin,
  `blood_pressure` longtext CHARACTER SET utf8 COLLATE utf8_bin,
  `breathe` int(10) unsigned DEFAULT NULL,
  `chief_complaint` longtext CHARACTER SET utf8 COLLATE utf8_bin,
  `other` longtext CHARACTER SET utf8 COLLATE utf8_bin,
  `past_history` longtext CHARACTER SET utf8 COLLATE utf8_bin,
  `pulse` int(10) unsigned DEFAULT NULL,
  `spo2` longtext CHARACTER SET utf8 COLLATE utf8_bin,
  `temperature` double DEFAULT NULL,
  PRIMARY KEY (`id`) USING BTREE,
  UNIQUE KEY `emr_pt_pno_472b1cb2_uniq` (`pno`) USING BTREE,
  KEY `emr_pt_name_23d62e2e` (`name`) USING BTREE
) ENGINE=InnoDB AUTO_INCREMENT=44 DEFAULT CHARSET=utf8 COLLATE=utf8_bin ROW_FORMAT=DYNAMIC;
/*!40101 SET character_set_client = @saved_cs_client */;

--
-- Dumping data for table `emr_pt`
--

LOCK TABLES `emr_pt` WRITE;
/*!40000 ALTER TABLE `emr_pt` DISABLE KEYS */;
INSERT INTO `emr_pt` VALUES (21,'刘海乔',1,73,'1102','病毒性肺炎','暂无数据','暂无数据',0,'暂无','暂无','暂无',0,NULL,0),(23,'孙丽丽',2,45,'1103','脑出血','暂无数据','暂无数据',0,'暂无','暂无','高血压病史',0,NULL,0),(24,'李伟',1,60,'1104','急性心肌梗死','暂无数据','暂无数据',0,'暂无','暂无','暂无',0,NULL,0),(25,'王小华',1,38,'1105','急性肺炎','暂无数据','暂无数据',0,'暂无','暂无','暂无',0,NULL,0),(26,'赵铭',2,72,'1106','呼吸衰竭','暂无数据','暂无数据',0,'暂无','暂无','慢性阻塞性肺疾病',0,NULL,0),(27,'孙凯',1,55,'1107','消化道出血','暂无数据','暂无数据',0,'暂无','暂无','暂无',0,NULL,0),(28,'周芳',2,26,'1108','狼疮性肾炎','暂无数据','暂无数据',0,'暂无','暂无','系统性红斑狼疮',0,NULL,0),(36,'张丽',2,45,'1109','乳腺结节待查；轻度贫血','暂无数据','暂无数据',0,'暂无','暂无','子宫肌瘤切除术史，乳腺增生，定期复查；轻度贫血。',0,NULL,0),(37,'王刚',1,61,'1110','慢性阻塞性肺疾病急性加重 ；胃溃疡复查','暂无数据','暂无数据',0,'暂无','暂无','慢性阻塞性肺疾病，长期吸烟史；胃溃疡病史。',0,NULL,0),(38,'赵敏',2,38,'1111','系统性红斑狼疮病情波动 ；甲状腺功能低下复查','暂无数据','暂无数据',0,'暂无','暂无','系统性红斑狼疮，规律服药治疗中；甲状腺功能低下。',0,NULL,0),(39,'陈明',1,70,'1112','前列腺癌术后随访 ；前列腺增生症','暂无数据','暂无数据',0,'暂无','暂无','前列腺癌根治术后，定期复查；前列腺增生。',0,NULL,0),(40,'刘芳',2,47,'1113','子宫肌瘤手术指征 ；脂肪肝管理','暂无数据','暂无数据',0,'暂无','暂无','子宫肌瘤，未治疗；轻度脂肪肝。',0,NULL,0),(41,'孙浩',1,40,'1114','胃溃疡复查 ；高尿酸血症管理','暂无数据','暂无数据',0,'胃溃疡，已治愈；高尿酸血症。','暂无','暂无',0,NULL,0),(43,'王秀芝',2,76,'1101','新型冠状病毒肺炎（重型）呼吸衰竭','新型冠状病毒核阳性，CT示慢性支气管炎合并肺炎，不除外病毒性肺炎','128/78',22,'咳嗽、喘憋、纳差、乏力伴精神不振约两周','暂无','低血糖、贫血',70,'90',36.2);
/*!40000 ALTER TABLE `emr_pt` ENABLE KEYS */;
UNLOCK TABLES;

--
-- Table structure for table `emrecord_patient`
--

DROP TABLE IF EXISTS `emrecord_patient`;
/*!40101 SET @saved_cs_client     = @@character_set_client */;
 SET character_set_client = utf8mb4 ;
CREATE TABLE `emrecord_patient` (
  `id` int(11) NOT NULL AUTO_INCREMENT,
  `serial_number` varchar(25) NOT NULL,
  `segment_type` varchar(25) NOT NULL,
  `material` int(11) NOT NULL,
  `diameter` float NOT NULL,
  `length` float NOT NULL,
  `defect_type` int(11) NOT NULL,
  `defect_name` varchar(50) NOT NULL,
  `defect_code` varchar(25) NOT NULL,
  `defect_level` int(11) DEFAULT NULL,
  `defect_density` longtext NOT NULL,
  `defect_image` varchar(45) NOT NULL,
  PRIMARY KEY (`id`),
  UNIQUE KEY `serial_number` (`serial_number`)
) ENGINE=InnoDB AUTO_INCREMENT=28 DEFAULT CHARSET=utf8mb4 COLLATE=utf8mb4_0900_ai_ci;
/*!40101 SET character_set_client = @saved_cs_client */;

--
-- Dumping data for table `emrecord_patient`
--

LOCK TABLES `emrecord_patient` WRITE;
/*!40000 ALTER TABLE `emrecord_patient` DISABLE KEYS */;
INSERT INTO `emrecord_patient` VALUES (6,'1','YS',2,400,16.83,1,'破裂','PL',1,'0.03','static/icon/破裂_1_1_1-CCTVsz.jpeg'),(7,'2','YS',1,499,13.5,1,'起伏','QF',1,'0.03','static/icon/起伏_1_1_1-QV.jpeg'),(8,'3','YS',2,500,8.86,1,'脱节','TJ',1,'0.05','static/icon/起伏_1_1_1-QVsz.jpeg'),(10,'5','YS',1,500,4.73,1,'错口','CK',1,'0.35','static/icon/错口_1_1_1-CCTVsz.jpeg'),(11,'6','YS',2,500,11.1,1,'起伏','QF',3,'0.5','static/icon/起伏_1_1_1-CCTV.jpeg'),(14,'7','YS',2,500,13.11,1,'破裂','PL',2,'0.5','static/icon/0002_BHo5JSS.jpg'),(15,'8','YS',2,590,13,1,'破裂','PL',1,'0.05','static/icon/0004_H4RC8iR.jpg'),(16,'9','YS',2,500,21.31,1,'沉积','CJ',1,'0.09','static/icon/沉积_1_1_20.jpeg'),(17,'10','YS',2,599,13.21,1,'沉积','CJ',1,'0.12','static/icon/沉积_1_1_19.jpeg'),(18,'11','YS',2,600,15.33,1,'沉积','CJ',4,'0.03','static/icon/沉积_1_1_18.jpeg'),(19,'12','YS',2,400,17.33,1,'沉积','CJ',1,'0.16','static/icon/沉积_1_1_16.jpeg'),(20,'13','YS',2,398,18.45,2,'树根','SG',2,'0.21','static/icon/树根_1_1.jpeg'),(21,'14','YS',2,600,20.4,2,'树根','SG',2,'0.21','static/icon/树根_1_1_4.jpeg'),(22,'15','YS',2,400,16.43,2,'树根','SG',1,'过水断面损失不大于15% 。','static/icon/树根_1_1_5.jpeg'),(23,'16','YS',2,600,18.64,2,'树根','SG',1,'过水断面损失不大于15%。','static/icon/树根_1_4.jpeg'),(24,'17','YS',2,500,18.94,2,'渗漏','SL',3,'涌漏—水从缺陷点涌出，涌漏水面的面积不大于管道断面的1/3 。','static/icon/渗漏_1_1_4.jpeg'),(25,'18','YS',2,597,14.08,1,'渗漏','SL',2,'线漏—水持续从缺陷点流出，并脱离管壁流动。','static/icon/渗漏_1_1_6.jpeg'),(26,'19','YS',2,500,17.74,1,'破裂','PL',2,'裂痕—当下列一个或多个情况存在时： 1）在管壁上可见细裂痕；  2）在管壁上由细裂缝处冒出少量沉积物','static/icon/0005.jpg'),(27,'20','YS',2,400,16.74,1,'破裂','PL',4,'裂口—破裂处已形成明显间隙，但管道的形状未受影响且破裂无脱落。','static/icon/0008.jpg');
/*!40000 ALTER TABLE `emrecord_patient` ENABLE KEYS */;
UNLOCK TABLES;

--
-- Table structure for table `func_defect_repair_funcdefectinfo`
--

DROP TABLE IF EXISTS `func_defect_repair_funcdefectinfo`;
/*!40101 SET @saved_cs_client     = @@character_set_client */;
 SET character_set_client = utf8mb4 ;
CREATE TABLE `func_defect_repair_funcdefectinfo` (
  `id` bigint(20) unsigned NOT NULL AUTO_INCREMENT,
  `work_point_name` varchar(100) NOT NULL,
  `pipe_length` decimal(5,2) NOT NULL,
  `start_well_number` varchar(50) NOT NULL,
  `end_well_number` varchar(50) NOT NULL,
  `pipe_type` varchar(10) NOT NULL,
  `pipe_material` varchar(10) NOT NULL,
  `start_depth` decimal(3,2) NOT NULL,
  `end_depth` decimal(3,2) NOT NULL,
  `pipe_diameter` decimal(6,2) NOT NULL,
  `defect_name` varchar(20) NOT NULL,
  `defect_level` varchar(5) NOT NULL,
  `defect_start_position_m` decimal(5,2) NOT NULL,
  `defect_end_position_m` decimal(5,2) NOT NULL,
  `defect_start_position_clock` int(11) NOT NULL,
  `defect_end_position_clock` int(11) NOT NULL,
  PRIMARY KEY (`id`),
  UNIQUE KEY `id` (`id`)
) ENGINE=MyISAM AUTO_INCREMENT=17 DEFAULT CHARSET=utf8mb4 COLLATE=utf8mb4_0900_ai_ci;
/*!40101 SET character_set_client = @saved_cs_client */;

--
-- Dumping data for table `func_defect_repair_funcdefectinfo`
--

LOCK TABLES `func_defect_repair_funcdefectinfo` WRITE;
/*!40000 ALTER TABLE `func_defect_repair_funcdefectinfo` DISABLE KEYS */;
INSERT INTO `func_defect_repair_funcdefectinfo` VALUES (2,'test-沉积-小于400',111.00,'1','1','雨水管','塑料管',1.00,2.00,399.00,'沉积','1级',12.00,13.00,2,3),(3,'test-沉积-400600-沉积-1级',12.00,'1','1','雨水管','塑料管',1.00,2.00,401.00,'沉积','2级',12.00,13.00,2,3),(4,'test-沉积-大于600-1级',12.00,'1','1','雨水管','塑料管',1.00,2.00,601.00,'沉积','1级',12.00,13.00,2,3),(5,'test-结垢-小于400-1级',12.00,'1','1','雨水管','塑料管',1.00,2.00,399.00,'结垢','1级',12.00,13.00,2,3),(6,'test-结垢-400600-1级',12.00,'1','1','雨水管','塑料管',1.00,2.00,401.00,'结垢','1级',12.00,13.00,2,3),(7,'test-结垢-大于600-1级',12.00,'1','1','雨水管','塑料管',1.00,2.00,601.00,'结垢','1级',12.00,13.00,2,3),(8,'test-树根-小于400-1级',12.00,'1','1','雨水管','塑料管',1.00,2.00,399.00,'树根','1级',12.00,13.00,2,3),(9,'test-树根-小于400-3级',12.00,'1','1','雨水管','塑料管',1.00,2.00,399.00,'树根','3级',12.00,13.00,2,3),(10,'test-树根-400600-1级',12.00,'1','1','雨水管','塑料管',1.00,2.00,401.00,'树根','1级',12.00,13.00,2,3),(11,'test-树根-400600-3级',12.00,'1','1','雨水管','塑料管',1.00,2.00,401.00,'树根','3级',12.00,13.00,2,3),(12,'test-树根-大于600-1级',12.00,'1','1','雨水管','塑料管',1.00,2.00,601.00,'树根','1级',12.00,13.00,2,3),(13,'test-树根-大于600-3级',12.00,'1','1','雨水管','塑料管',1.00,2.00,601.00,'树根','3级',12.00,13.00,2,3),(14,'test-障碍物',12.00,'1','1','雨水管','塑料管',1.00,2.00,601.00,'障碍物','1级',12.00,13.00,2,3),(15,'test-残墙坝根',12.00,'1','1','雨水管','塑料管',1.00,2.00,601.00,'残墙坝根','1级',12.00,13.00,2,3),(16,'test-浮渣',12.00,'1','1','雨水管','塑料管',1.00,2.00,601.00,'浮渣','1级',12.00,13.00,2,3);
/*!40000 ALTER TABLE `func_defect_repair_funcdefectinfo` ENABLE KEYS */;
UNLOCK TABLES;

--
-- Table structure for table `func_defect_repair_funcrepairsuggestion`
--

DROP TABLE IF EXISTS `func_defect_repair_funcrepairsuggestion`;
/*!40101 SET @saved_cs_client     = @@character_set_client */;
 SET character_set_client = utf8mb4 ;
CREATE TABLE `func_defect_repair_funcrepairsuggestion` (
  `id` bigint(20) unsigned NOT NULL AUTO_INCREMENT,
  `defect_info_id` int(11) NOT NULL,
  `repair_suggestion` text NOT NULL,
  PRIMARY KEY (`id`),
  UNIQUE KEY `id` (`id`),
  UNIQUE KEY `defect_info_id` (`defect_info_id`)
) ENGINE=MyISAM AUTO_INCREMENT=17 DEFAULT CHARSET=utf8mb4 COLLATE=utf8mb4_0900_ai_ci;
/*!40101 SET character_set_client = @saved_cs_client */;

--
-- Dumping data for table `func_defect_repair_funcrepairsuggestion`
--

LOCK TABLES `func_defect_repair_funcrepairsuggestion` WRITE;
/*!40000 ALTER TABLE `func_defect_repair_funcrepairsuggestion` DISABLE KEYS */;
INSERT INTO `func_defect_repair_funcrepairsuggestion` VALUES (2,2,'高压水射流管道清淤+绞车疏通辅助'),(3,3,'高压水射流管道清淤+绞车疏通辅助'),(4,4,'高压水射流管道清淤+人工清除辅助'),(5,5,'高压水射流管道清淤+绞车疏通辅助'),(6,6,'高压水射流管道清淤+绞车疏通辅助'),(7,7,'高压水射流管道清淤+人工清除辅助'),(8,8,'机器人切割'),(9,9,'加井或翻建'),(10,10,'机器人切割'),(11,11,'加井或翻建'),(12,12,'机器人切割'),(13,13,'加井或翻建'),(14,14,'机器人清通'),(15,15,'机器人清通'),(16,16,'高压水射流管道清淤+绞车疏通辅助');
/*!40000 ALTER TABLE `func_defect_repair_funcrepairsuggestion` ENABLE KEYS */;
UNLOCK TABLES;

--
-- Table structure for table `image_class`
--

DROP TABLE IF EXISTS `image_class`;
/*!40101 SET @saved_cs_client     = @@character_set_client */;
 SET character_set_client = utf8mb4 ;
CREATE TABLE `image_class` (
  `id` bigint(20) NOT NULL AUTO_INCREMENT,
  `name` varchar(15) CHARACTER SET utf8 COLLATE utf8_general_ci NOT NULL,
  `image` varchar(100) CHARACTER SET utf8 COLLATE utf8_general_ci NOT NULL,
  `state` int(11) NOT NULL,
  `crack_width` float DEFAULT NULL,
  `crack_area` float DEFAULT NULL,
  PRIMARY KEY (`id`) USING BTREE
) ENGINE=InnoDB AUTO_INCREMENT=49 DEFAULT CHARSET=utf8 ROW_FORMAT=DYNAMIC;
/*!40101 SET character_set_client = @saved_cs_client */;

--
-- Dumping data for table `image_class`
--

LOCK TABLES `image_class` WRITE;
/*!40000 ALTER TABLE `image_class` DISABLE KEYS */;
INSERT INTO `image_class` VALUES (43,'科达','static/imgclass_img/沉积_1_1.jpeg',1,NULL,NULL),(44,'鸿鑫源','static/imgclass_img/错口_1_31_IFnB3r3.jpeg',3,NULL,NULL),(45,'新亮汽车','static/imgclass_img/破裂_1_1_1-QVsz.jpeg',2,NULL,NULL),(46,'1','static/imgclass_img/破裂0002.jpg',2,NULL,NULL),(47,'2','static/imgclass_img/沉积_1_1_3lhRPM4.jpeg',1,NULL,NULL),(48,'5','static/imgclass_img/破裂.jpeg',2,NULL,NULL);
/*!40000 ALTER TABLE `image_class` ENABLE KEYS */;
UNLOCK TABLES;

--
-- Table structure for table `image_class1`
--

DROP TABLE IF EXISTS `image_class1`;
/*!40101 SET @saved_cs_client     = @@character_set_client */;
 SET character_set_client = utf8mb4 ;
CREATE TABLE `image_class1` (
  `id` bigint(20) NOT NULL AUTO_INCREMENT,
  `name` varchar(15) CHARACTER SET utf8mb4 COLLATE utf8mb4_0900_ai_ci NOT NULL,
  `image` varchar(100) CHARACTER SET utf8mb4 COLLATE utf8mb4_0900_ai_ci NOT NULL,
  `state` int(11) NOT NULL,
  PRIMARY KEY (`id`) USING BTREE
) ENGINE=InnoDB AUTO_INCREMENT=4 DEFAULT CHARSET=utf8mb4 COLLATE=utf8mb4_0900_ai_ci ROW_FORMAT=DYNAMIC;
/*!40101 SET character_set_client = @saved_cs_client */;

--
-- Dumping data for table `image_class1`
--

LOCK TABLES `image_class1` WRITE;
/*!40000 ALTER TABLE `image_class1` DISABLE KEYS */;
/*!40000 ALTER TABLE `image_class1` ENABLE KEYS */;
UNLOCK TABLES;

--
-- Table structure for table `imgseg_image`
--

DROP TABLE IF EXISTS `imgseg_image`;
/*!40101 SET @saved_cs_client     = @@character_set_client */;
 SET character_set_client = utf8mb4 ;
CREATE TABLE `imgseg_image` (
  `id` bigint(20) NOT NULL AUTO_INCREMENT,
  `name` varchar(15) CHARACTER SET utf8 COLLATE utf8_general_ci NOT NULL,
  `icon` varchar(100) CHARACTER SET utf8 COLLATE utf8_general_ci NOT NULL,
  `state` int(11) NOT NULL,
  `tips` longtext CHARACTER SET utf8 COLLATE utf8_general_ci NOT NULL,
  PRIMARY KEY (`id`) USING BTREE
) ENGINE=InnoDB AUTO_INCREMENT=76 DEFAULT CHARSET=utf8 ROW_FORMAT=DYNAMIC;
/*!40101 SET character_set_client = @saved_cs_client */;

--
-- Dumping data for table `imgseg_image`
--

LOCK TABLES `imgseg_image` WRITE;
/*!40000 ALTER TABLE `imgseg_image` DISABLE KEYS */;
INSERT INTO `imgseg_image` VALUES (67,'0005','static/icon/0005.jpg',1,'暂无'),(70,'0008','static/icon/0008.jpg',1,'暂无'),(74,'1','static/icon/0002.jpg',1,'暂无'),(75,'3','static/icon/0008.jpg',3,'暂无');
/*!40000 ALTER TABLE `imgseg_image` ENABLE KEYS */;
UNLOCK TABLES;

--
-- Table structure for table `imgseg_image1`
--

DROP TABLE IF EXISTS `imgseg_image1`;
/*!40101 SET @saved_cs_client     = @@character_set_client */;
 SET character_set_client = utf8mb4 ;
CREATE TABLE `imgseg_image1` (
  `id` bigint(20) NOT NULL AUTO_INCREMENT,
  `name` varchar(45) CHARACTER SET utf8mb4 COLLATE utf8mb4_0900_ai_ci NOT NULL,
  `icon` varchar(45) CHARACTER SET utf8mb4 COLLATE utf8mb4_0900_ai_ci NOT NULL,
  `state` int(11) NOT NULL,
  `tips` varchar(45) CHARACTER SET utf8mb4 COLLATE utf8mb4_0900_ai_ci NOT NULL,
  PRIMARY KEY (`id`) USING BTREE
) ENGINE=InnoDB AUTO_INCREMENT=30 DEFAULT CHARSET=utf8mb4 COLLATE=utf8mb4_0900_ai_ci ROW_FORMAT=DYNAMIC;
/*!40101 SET character_set_client = @saved_cs_client */;

--
-- Dumping data for table `imgseg_image1`
--

LOCK TABLES `imgseg_image1` WRITE;
/*!40000 ALTER TABLE `imgseg_image1` DISABLE KEYS */;
/*!40000 ALTER TABLE `imgseg_image1` ENABLE KEYS */;
UNLOCK TABLES;

--
-- Table structure for table `imgseg_image2`
--

DROP TABLE IF EXISTS `imgseg_image2`;
/*!40101 SET @saved_cs_client     = @@character_set_client */;
 SET character_set_client = utf8mb4 ;
CREATE TABLE `imgseg_image2` (
  `id` int(11) NOT NULL AUTO_INCREMENT,
  `name` varchar(15) CHARACTER SET utf8mb4 COLLATE utf8mb4_0900_ai_ci NOT NULL,
  `icon` varchar(100) CHARACTER SET utf8mb4 COLLATE utf8mb4_0900_ai_ci NOT NULL,
  `state` int(11) NOT NULL,
  `tips` varchar(45) CHARACTER SET utf8mb4 COLLATE utf8mb4_0900_ai_ci NOT NULL,
  PRIMARY KEY (`id`) USING BTREE
) ENGINE=InnoDB AUTO_INCREMENT=11 DEFAULT CHARSET=utf8mb4 COLLATE=utf8mb4_0900_ai_ci ROW_FORMAT=DYNAMIC;
/*!40101 SET character_set_client = @saved_cs_client */;

--
-- Dumping data for table `imgseg_image2`
--

LOCK TABLES `imgseg_image2` WRITE;
/*!40000 ALTER TABLE `imgseg_image2` DISABLE KEYS */;
/*!40000 ALTER TABLE `imgseg_image2` ENABLE KEYS */;
UNLOCK TABLES;

--
-- Table structure for table `imgseg_image3`
--

DROP TABLE IF EXISTS `imgseg_image3`;
/*!40101 SET @saved_cs_client     = @@character_set_client */;
 SET character_set_client = utf8mb4 ;
CREATE TABLE `imgseg_image3` (
  `id` int(11) NOT NULL AUTO_INCREMENT,
  `name` varchar(15) CHARACTER SET utf8mb4 COLLATE utf8mb4_0900_ai_ci NOT NULL,
  `icon` varchar(100) CHARACTER SET utf8mb4 COLLATE utf8mb4_0900_ai_ci NOT NULL,
  `state` int(11) NOT NULL,
  `tips` varchar(45) CHARACTER SET utf8mb4 COLLATE utf8mb4_0900_ai_ci NOT NULL,
  PRIMARY KEY (`id`) USING BTREE
) ENGINE=InnoDB AUTO_INCREMENT=10 DEFAULT CHARSET=utf8mb4 COLLATE=utf8mb4_0900_ai_ci ROW_FORMAT=DYNAMIC;
/*!40101 SET character_set_client = @saved_cs_client */;

--
-- Dumping data for table `imgseg_image3`
--

LOCK TABLES `imgseg_image3` WRITE;
/*!40000 ALTER TABLE `imgseg_image3` DISABLE KEYS */;
/*!40000 ALTER TABLE `imgseg_image3` ENABLE KEYS */;
UNLOCK TABLES;

--
-- Table structure for table `imgseg_image4`
--

DROP TABLE IF EXISTS `imgseg_image4`;
/*!40101 SET @saved_cs_client     = @@character_set_client */;
 SET character_set_client = utf8mb4 ;
CREATE TABLE `imgseg_image4` (
  `id` int(11) NOT NULL AUTO_INCREMENT,
  `name` varchar(15) CHARACTER SET utf8mb4 COLLATE utf8mb4_0900_ai_ci NOT NULL,
  `icon` varchar(100) CHARACTER SET utf8mb4 COLLATE utf8mb4_0900_ai_ci NOT NULL,
  `state` int(11) NOT NULL,
  `tips` varchar(45) CHARACTER SET utf8mb4 COLLATE utf8mb4_0900_ai_ci NOT NULL,
  PRIMARY KEY (`id`) USING BTREE
) ENGINE=InnoDB AUTO_INCREMENT=8 DEFAULT CHARSET=utf8mb4 COLLATE=utf8mb4_0900_ai_ci ROW_FORMAT=DYNAMIC;
/*!40101 SET character_set_client = @saved_cs_client */;

--
-- Dumping data for table `imgseg_image4`
--

LOCK TABLES `imgseg_image4` WRITE;
/*!40000 ALTER TABLE `imgseg_image4` DISABLE KEYS */;
/*!40000 ALTER TABLE `imgseg_image4` ENABLE KEYS */;
UNLOCK TABLES;

--
-- Table structure for table `imgseg_image5`
--

DROP TABLE IF EXISTS `imgseg_image5`;
/*!40101 SET @saved_cs_client     = @@character_set_client */;
 SET character_set_client = utf8mb4 ;
CREATE TABLE `imgseg_image5` (
  `id` int(11) NOT NULL AUTO_INCREMENT,
  `name` varchar(15) CHARACTER SET utf8mb4 COLLATE utf8mb4_0900_ai_ci NOT NULL,
  `icon` varchar(100) CHARACTER SET utf8mb4 COLLATE utf8mb4_0900_ai_ci NOT NULL,
  `state` int(11) NOT NULL,
  `tips` varchar(45) CHARACTER SET utf8mb4 COLLATE utf8mb4_0900_ai_ci NOT NULL,
  PRIMARY KEY (`id`) USING BTREE
) ENGINE=InnoDB AUTO_INCREMENT=19 DEFAULT CHARSET=utf8mb4 COLLATE=utf8mb4_0900_ai_ci ROW_FORMAT=DYNAMIC;
/*!40101 SET character_set_client = @saved_cs_client */;

--
-- Dumping data for table `imgseg_image5`
--

LOCK TABLES `imgseg_image5` WRITE;
/*!40000 ALTER TABLE `imgseg_image5` DISABLE KEYS */;
/*!40000 ALTER TABLE `imgseg_image5` ENABLE KEYS */;
UNLOCK TABLES;

--
-- Table structure for table `patient_class`
--

DROP TABLE IF EXISTS `patient_class`;
/*!40101 SET @saved_cs_client     = @@character_set_client */;
 SET character_set_client = utf8mb4 ;
CREATE TABLE `patient_class` (
  `id` bigint(20) NOT NULL AUTO_INCREMENT,
  `name` varchar(128) CHARACTER SET utf8 COLLATE utf8_general_ci NOT NULL,
  `defect_type` int(11) NOT NULL,
  `age` varchar(15) DEFAULT NULL,
  `image` varchar(100) CHARACTER SET utf8 COLLATE utf8_general_ci NOT NULL,
  `state` int(11) NOT NULL,
  `diagnosis` longtext CHARACTER SET utf8 COLLATE utf8_general_ci NOT NULL,
  `defect_density` longtext NOT NULL,
  PRIMARY KEY (`id`) USING BTREE,
  KEY `patient_class_name_2e4c68d0` (`name`) USING BTREE
) ENGINE=InnoDB AUTO_INCREMENT=70 DEFAULT CHARSET=utf8 ROW_FORMAT=DYNAMIC;
/*!40101 SET character_set_client = @saved_cs_client */;

--
-- Dumping data for table `patient_class`
--

LOCK TABLES `patient_class` WRITE;
/*!40000 ALTER TABLE `patient_class` DISABLE KEYS */;
INSERT INTO `patient_class` VALUES (26,'科达制造股份',1,NULL,'static/ptclass_file/mostDefects4含四种类型_EoUF5No.xlsx',3,'暂无',''),(27,'鸿金源精密制造',1,NULL,'static/ptclass_file/破裂_1_1_1-CCTVsz.jpeg',2,'(局部缺陷)管道缺陷严重，结构状况受到影响。结构在短期内可能会发生破坏，应尽快修复。',''),(36,'松川机械设备对面',1,NULL,'static/ptclass_file/1_amoc7he.xlsx',1,'(局部缺陷)管道存在重大缺陷，管道损坏严重或即将导致破坏。结构已经发生或即将发生破坏，应立即修复。',''),(54,'怡南总部大楼',1,NULL,'static/ptclass_file/0002.jpg',1,'管道过流受阻很严重，即将或已经导致运行瘫痪;输水功能受到严重影响，应立即进行处理',''),(55,'怡南总部大楼',1,NULL,'static/ptclass_file/0002_n0l8Mjh.jpg',1,'(局部缺陷)管道存在重大缺陷，管道损坏严重或即将导致破坏。结构已经发生或即将发生破坏，应立即修复。',''),(56,'宏山激光',1,NULL,'static/ptclass_file/0002_58CmPPL.jpg',1,'(部分或整体缺陷)管道存在重大缺陷，管道损坏严重或即将导致破坏。结构已经发生或即将发生破坏，应立即修复。',''),(57,'宏山激光',1,NULL,'static/ptclass_file/0002_fcGE1de.jpg',0,'(局部缺陷)无或有轻微影响，管道运行基本不受影响。没有明显要处理的缺陷，不需要养护。',''),(58,'宏山激光',3,NULL,'static/ptclass_file/0002_S5yRgDs.jpg',2,'(局部缺陷)管道缺陷明显超过一级，具有变坏的趋势。结构在短期内不会发生破坏现象，但应做修复计划。',''),(59,'宏山激光',1,NULL,'static/ptclass_file/沉积_1_1_2_3o6q2en.jpeg',2,'(整体缺陷)管道缺陷严重，结构状况受到影响。结构在短期内可能会发生破坏，应尽快修复。',''),(60,'新厨厨具电器',1,NULL,'static/ptclass_file/沉积_1_1_19.jpeg',0,'无或有轻微影响，管道运行基本不受影响。','暂无'),(61,'新厨厨具电器',1,NULL,'static/ptclass_file/破裂_1_1_1-CCTV_kIdms1h.jpeg',2,'管道过流有一定的受阻，运行受影响不大;没有立即进行处理的必要，但宜安排处理计划',''),(62,'新厨厨具电器',3,NULL,'static/ptclass_file/破裂_1_1_1-CCTVsz_apEV61O.jpeg',0,'(整体缺陷)无或有轻微影响，管道运行基本不受影响。没有明显要处理的缺陷，不需要养护。',''),(63,'昇辉电子控股',2,NULL,'static/ptclass_file/错口_1_1_1-CCTV_hOXtXHh.jpeg',1,'(整体缺陷)管道存在重大缺陷，管道损坏严重或即将导致破坏。结构已经发生或即将发生破坏，应立即修复。','暂无'),(64,'昇辉电子控股',2,NULL,'static/ptclass_file/错口_1_27.jpeg',0,'(整体缺陷)无或有轻微影响，管道运行基本不受影响。没有明显要处理的缺陷，不需要养护。','暂无'),(68,'昇辉电子控股',1,NULL,'static/ptclass_file/沉积_1_1_20.jpeg',3,'暂无','暂无'),(69,'昇辉电子控股',2,NULL,'static/ptclass_file/异物穿入_EKa3npM.jpg',3,'暂无','-');
/*!40000 ALTER TABLE `patient_class` ENABLE KEYS */;
UNLOCK TABLES;

--
-- Table structure for table `patient_record`
--

DROP TABLE IF EXISTS `patient_record`;
/*!40101 SET @saved_cs_client     = @@character_set_client */;
 SET character_set_client = utf8mb4 ;
CREATE TABLE `patient_record` (
  `name` varchar(45) NOT NULL,
  `image` varchar(45) DEFAULT NULL,
  `before_text` varchar(45) DEFAULT NULL,
  `id` varchar(45) DEFAULT NULL,
  PRIMARY KEY (`name`)
) ENGINE=InnoDB DEFAULT CHARSET=utf8mb4 COLLATE=utf8mb4_0900_ai_ci;
/*!40101 SET character_set_client = @saved_cs_client */;

--
-- Dumping data for table `patient_record`
--

LOCK TABLES `patient_record` WRITE;
/*!40000 ALTER TABLE `patient_record` DISABLE KEYS */;
INSERT INTO `patient_record` VALUES ('1','static/ptclass_file/破裂_qakq17R.jpeg','裂口—破裂处已形成明显间隙，但管道的形状未受影响且破裂无脱落。',NULL),('2','static/ptclass_file/0002_M4IPjMT.jpg','裂口—破裂处已形成明显间隙，但管道的形状未受影响且破裂无脱落。',NULL),('科达','static/ptclass_file/破裂_0BjBmjE.jpeg','暂无',NULL);
/*!40000 ALTER TABLE `patient_record` ENABLE KEYS */;
UNLOCK TABLES;

--
-- Table structure for table `text_class`
--

DROP TABLE IF EXISTS `text_class`;
/*!40101 SET @saved_cs_client     = @@character_set_client */;
 SET character_set_client = utf8mb4 ;
CREATE TABLE `text_class` (
  `id` int(11) NOT NULL AUTO_INCREMENT,
  `name` varchar(15) NOT NULL,
  `pipe_type` varchar(50) NOT NULL,
  `pipe_material` varchar(50) NOT NULL,
  `pipe_diameter` float NOT NULL,
  `pipe_length` float NOT NULL,
  `inspection_length` float NOT NULL,
  `start_depth` float NOT NULL,
  `end_depth` float NOT NULL,
  `defect_location` varchar(100) NOT NULL,
  `defect_type` varchar(100) NOT NULL,
  `inspection_description` text NOT NULL,
  `state` int(11) NOT NULL,
  PRIMARY KEY (`id`)
) ENGINE=InnoDB AUTO_INCREMENT=11 DEFAULT CHARSET=utf8mb4 COLLATE=utf8mb4_0900_ai_ci;
/*!40101 SET character_set_client = @saved_cs_client */;

--
-- Dumping data for table `text_class`
--

LOCK TABLES `text_class` WRITE;
/*!40000 ALTER TABLE `text_class` DISABLE KEYS */;
INSERT INTO `text_class` VALUES (1,'鸿金源精密制造','YS','混凝土管',598,15.03,15.03,1.47,1.5,'2.7m-2.72m处,null','功能性','轻度脱节—管道端部有少量泥土挤入。',4),(3,'保记饭店','YC','塑料管',300,2.52,2.52,1.2,1.65,'0.1m-2.52m处,null','功能性','沉积物厚度大于管径的50% 。',0),(4,'湘川不锈钢','YC','混凝土管',299,8.19,8.19,0.8,-0.1,'8.0m-8.0m处,null','结构性','严重错口—相接的两个管口偏差为管壁厚度的2倍以上。',3),(5,'南宝宏钢材','YC','混凝土管',300,10.19,10.19,0.88,0.8,'2.0m-2.0m处,null','结构性','轻度错口—相接的两个管口偏差不大于管壁厚度的1/2 。',3),(6,'兴隆五路','YC','混凝土管',300,22.83,21.83,1.1,1.4,'2.01m-3.0m处,0507h','功能性','沉积物厚度在管径30%-40%之间。',1),(7,'兴业十路','YC','混凝土管',800,31.07,31.07,2.32,2.32,'0.0m-31.07m处,null','功能性','沉积物厚度在管径50% 以上。',1),(8,'宏山激光','YC','混凝土管',402,13.84,13.84,2.34,1.57,'4.4m-4.6m处,null','结构性','裂口—破裂处已形成明显间隙，但管道的形状未受影响且破裂无脱落。',2),(9,'新厨厨具电器厂','YC','混凝土管',400,20.23,20.23,1,1.1,'3.97m-4.2m处,null','结构性','裂痕—当下列一个或多个情况存在时：1）在管壁上可见细裂痕；2）在管壁上由细裂缝处冒出少量沉积物；3）轻度剥落。',1),(10,'屯教西路','YC','混凝土管',800,30.93,30.93,4.1,2.4,'0.0m-8.49m处,null','结构性','管壁破裂所剩碎片的环向覆盖范围≤弧长60度。',2);
/*!40000 ALTER TABLE `text_class` ENABLE KEYS */;
UNLOCK TABLES;
/*!40103 SET TIME_ZONE=@OLD_TIME_ZONE */;

/*!40101 SET SQL_MODE=@OLD_SQL_MODE */;
/*!40014 SET FOREIGN_KEY_CHECKS=@OLD_FOREIGN_KEY_CHECKS */;
/*!40014 SET UNIQUE_CHECKS=@OLD_UNIQUE_CHECKS */;
/*!40101 SET CHARACTER_SET_CLIENT=@OLD_CHARACTER_SET_CLIENT */;
/*!40101 SET CHARACTER_SET_RESULTS=@OLD_CHARACTER_SET_RESULTS */;
/*!40101 SET COLLATION_CONNECTION=@OLD_COLLATION_CONNECTION */;
/*!40111 SET SQL_NOTES=@OLD_SQL_NOTES */;

-- Dump completed on 2025-09-30 21:02:05
